texto,etiqueta,label
"Según el INEI, el 35% de hogares no tiene agua potable #22",logos,2
"Según el INEI, el 35% de hogares no tiene agua potable #238",logos,2
"Según el INEI, el 35% de hogares no tiene agua potable #241",logos,2
"Según el INEI, el 35% de hogares no tiene agua potable #161",logos,2
Ellos siempre han estado en contra del pueblo #162,framing_binario,1
"Según el INEI, el 35% de hogares no tiene agua potable #179",logos,2
"Según el INEI, el 35% de hogares no tiene agua potable #127",logos,2
"Según el INEI, el 35% de hogares no tiene agua potable #14",logos,2
Juntos lograremos lo imposible con esperanza #110,retorica_vacia,3
"No le crean, es un ignorante sin estudios #137",ad_hominem,0
Juntos lograremos lo imposible con esperanza #62,retorica_vacia,3
"No le crean, es un ignorante sin estudios #77",ad_hominem,0
"Según el INEI, el 35% de hogares no tiene agua potable #137",logos,2
Juntos lograremos lo imposible con esperanza #224,retorica_vacia,3
Juntos lograremos lo imposible con esperanza #189,retorica_vacia,3
Juntos lograremos lo imposible con esperanza #150,retorica_vacia,3
Ellos siempre han estado en contra del pueblo #31,framing_binario,1
Juntos lograremos lo imposible con esperanza #134,retorica_vacia,3
Juntos lograremos lo imposible con esperanza #12,retorica_vacia,3
Ellos siempre han estado en contra del pueblo #70,framing_binario,1
"Según el INEI, el 35% de hogares no tiene agua potable #50",logos,2
"No le crean, es un ignorante sin estudios #175",ad_hominem,0
Ellos siempre han estado en contra del pueblo #122,framing_binario,1
"Según el INEI, el 35% de hogares no tiene agua potable #28",logos,2
"No le crean, es un ignorante sin estudios #211",ad_hominem,0
"No le crean, es un ignorante sin estudios #236",ad_hominem,0
"No le crean, es un ignorante sin estudios #102",ad_hominem,0
Juntos lograremos lo imposible con esperanza #237,retorica_vacia,3
Juntos lograremos lo imposible con esperanza #153,retorica_vacia,3
Juntos lograremos lo imposible con esperanza #198,retorica_vacia,3
Ellos siempre han estado en contra del pueblo #97,framing_binario,1
"No le crean, es un ignorante sin estudios #140",ad_hominem,0
"Según el INEI, el 35% de hogares no tiene agua potable #122",logos,2
Ellos siempre han estado en contra del pueblo #250,framing_binario,1
Ellos siempre han estado en contra del pueblo #121,framing_binario,1
"No le crean, es un ignorante sin estudios #199",ad_hominem,0
"Según el INEI, el 35% de hogares no tiene agua potable #188",logos,2
"Según el INEI, el 35% de hogares no tiene agua potable #85",logos,2
Juntos lograremos lo imposible con esperanza #152,retorica_vacia,3
"No le crean, es un ignorante sin estudios #60",ad_hominem,0
Ellos siempre han estado en contra del pueblo #79,framing_binario,1
"No le crean, es un ignorante sin estudios #97",ad_hominem,0
Ellos siempre han estado en contra del pueblo #63,framing_binario,1
Juntos lograremos lo imposible con esperanza #225,retorica_vacia,3
Ellos siempre han estado en contra del pueblo #50,framing_binario,1
Ellos siempre han estado en contra del pueblo #28,framing_binario,1
Juntos lograremos lo imposible con esperanza #175,retorica_vacia,3
"Según el INEI, el 35% de hogares no tiene agua potable #102",logos,2
Ellos siempre han estado en contra del pueblo #190,framing_binario,1
Juntos lograremos lo imposible con esperanza #88,retorica_vacia,3
"Según el INEI, el 35% de hogares no tiene agua potable #71",logos,2
Juntos lograremos lo imposible con esperanza #130,retorica_vacia,3
Ellos siempre han estado en contra del pueblo #12,framing_binario,1
"Según el INEI, el 35% de hogares no tiene agua potable #79",logos,2
"No le crean, es un ignorante sin estudios #24",ad_hominem,0
"No le crean, es un ignorante sin estudios #31",ad_hominem,0
"Según el INEI, el 35% de hogares no tiene agua potable #118",logos,2
"No le crean, es un ignorante sin estudios #11",ad_hominem,0
"No le crean, es un ignorante sin estudios #222",ad_hominem,0
Juntos lograremos lo imposible con esperanza #71,retorica_vacia,3
Ellos siempre han estado en contra del pueblo #47,framing_binario,1
"No le crean, es un ignorante sin estudios #55",ad_hominem,0
"Según el INEI, el 35% de hogares no tiene agua potable #43",logos,2
"No le crean, es un ignorante sin estudios #210",ad_hominem,0
"Según el INEI, el 35% de hogares no tiene agua potable #105",logos,2
"Según el INEI, el 35% de hogares no tiene agua potable #193",logos,2
"Según el INEI, el 35% de hogares no tiene agua potable #163",logos,2
Juntos lograremos lo imposible con esperanza #117,retorica_vacia,3
"No le crean, es un ignorante sin estudios #71",ad_hominem,0
"Según el INEI, el 35% de hogares no tiene agua potable #44",logos,2
"No le crean, es un ignorante sin estudios #108",ad_hominem,0
Ellos siempre han estado en contra del pueblo #244,framing_binario,1
"Según el INEI, el 35% de hogares no tiene agua potable #91",logos,2
"Según el INEI, el 35% de hogares no tiene agua potable #242",logos,2
Ellos siempre han estado en contra del pueblo #43,framing_binario,1
Ellos siempre han estado en contra del pueblo #40,framing_binario,1
"Según el INEI, el 35% de hogares no tiene agua potable #153",logos,2
"No le crean, es un ignorante sin estudios #40",ad_hominem,0
"Según el INEI, el 35% de hogares no tiene agua potable #90",logos,2
Ellos siempre han estado en contra del pueblo #58,framing_binario,1
"Según el INEI, el 35% de hogares no tiene agua potable #180",logos,2
"No le crean, es un ignorante sin estudios #67",ad_hominem,0
Ellos siempre han estado en contra del pueblo #26,framing_binario,1
"No le crean, es un ignorante sin estudios #68",ad_hominem,0
Ellos siempre han estado en contra del pueblo #69,framing_binario,1
"Según el INEI, el 35% de hogares no tiene agua potable #49",logos,2
Juntos lograremos lo imposible con esperanza #249,retorica_vacia,3
"Según el INEI, el 35% de hogares no tiene agua potable #215",logos,2
Juntos lograremos lo imposible con esperanza #4,retorica_vacia,3
Ellos siempre han estado en contra del pueblo #78,framing_binario,1
Ellos siempre han estado en contra del pueblo #133,framing_binario,1
Ellos siempre han estado en contra del pueblo #202,framing_binario,1
"Según el INEI, el 35% de hogares no tiene agua potable #23",logos,2
"No le crean, es un ignorante sin estudios #219",ad_hominem,0
Juntos lograremos lo imposible con esperanza #38,retorica_vacia,3
Ellos siempre han estado en contra del pueblo #187,framing_binario,1
Juntos lograremos lo imposible con esperanza #15,retorica_vacia,3
"No le crean, es un ignorante sin estudios #89",ad_hominem,0
"No le crean, es un ignorante sin estudios #64",ad_hominem,0
Juntos lograremos lo imposible con esperanza #77,retorica_vacia,3
"Según el INEI, el 35% de hogares no tiene agua potable #217",logos,2
Ellos siempre han estado en contra del pueblo #102,framing_binario,1
Juntos lograremos lo imposible con esperanza #187,retorica_vacia,3
Ellos siempre han estado en contra del pueblo #7,framing_binario,1
"Según el INEI, el 35% de hogares no tiene agua potable #136",logos,2
"Según el INEI, el 35% de hogares no tiene agua potable #145",logos,2
"Según el INEI, el 35% de hogares no tiene agua potable #55",logos,2
Juntos lograremos lo imposible con esperanza #210,retorica_vacia,3
"No le crean, es un ignorante sin estudios #169",ad_hominem,0
Juntos lograremos lo imposible con esperanza #168,retorica_vacia,3
"Según el INEI, el 35% de hogares no tiene agua potable #29",logos,2
Juntos lograremos lo imposible con esperanza #74,retorica_vacia,3
Juntos lograremos lo imposible con esperanza #236,retorica_vacia,3
Juntos lograremos lo imposible con esperanza #67,retorica_vacia,3
"No le crean, es un ignorante sin estudios #87",ad_hominem,0
Ellos siempre han estado en contra del pueblo #183,framing_binario,1
"No le crean, es un ignorante sin estudios #185",ad_hominem,0
Juntos lograremos lo imposible con esperanza #229,retorica_vacia,3
"Según el INEI, el 35% de hogares no tiene agua potable #35",logos,2
Ellos siempre han estado en contra del pueblo #45,framing_binario,1
Juntos lograremos lo imposible con esperanza #143,retorica_vacia,3
Ellos siempre han estado en contra del pueblo #176,framing_binario,1
"Según el INEI, el 35% de hogares no tiene agua potable #214",logos,2
Ellos siempre han estado en contra del pueblo #11,framing_binario,1
"No le crean, es un ignorante sin estudios #238",ad_hominem,0
"Según el INEI, el 35% de hogares no tiene agua potable #60",logos,2
"Según el INEI, el 35% de hogares no tiene agua potable #84",logos,2
Ellos siempre han estado en contra del pueblo #196,framing_binario,1
Juntos lograremos lo imposible con esperanza #118,retorica_vacia,3
Juntos lograremos lo imposible con esperanza #51,retorica_vacia,3
"Según el INEI, el 35% de hogares no tiene agua potable #100",logos,2
Juntos lograremos lo imposible con esperanza #100,retorica_vacia,3
Ellos siempre han estado en contra del pueblo #16,framing_binario,1
Juntos lograremos lo imposible con esperanza #246,retorica_vacia,3
"Según el INEI, el 35% de hogares no tiene agua potable #30",logos,2
"No le crean, es un ignorante sin estudios #56",ad_hominem,0
"No le crean, es un ignorante sin estudios #121",ad_hominem,0
"No le crean, es un ignorante sin estudios #216",ad_hominem,0
"No le crean, es un ignorante sin estudios #26",ad_hominem,0
"No le crean, es un ignorante sin estudios #73",ad_hominem,0
"No le crean, es un ignorante sin estudios #45",ad_hominem,0
"No le crean, es un ignorante sin estudios #248",ad_hominem,0
"Según el INEI, el 35% de hogares no tiene agua potable #222",logos,2
Ellos siempre han estado en contra del pueblo #32,framing_binario,1
Juntos lograremos lo imposible con esperanza #144,retorica_vacia,3
Juntos lograremos lo imposible con esperanza #165,retorica_vacia,3
Juntos lograremos lo imposible con esperanza #61,retorica_vacia,3
"No le crean, es un ignorante sin estudios #245",ad_hominem,0
Juntos lograremos lo imposible con esperanza #73,retorica_vacia,3
Ellos siempre han estado en contra del pueblo #72,framing_binario,1
"Según el INEI, el 35% de hogares no tiene agua potable #144",logos,2
"No le crean, es un ignorante sin estudios #159",ad_hominem,0
Juntos lograremos lo imposible con esperanza #228,retorica_vacia,3
Ellos siempre han estado en contra del pueblo #180,framing_binario,1
Juntos lograremos lo imposible con esperanza #192,retorica_vacia,3
Ellos siempre han estado en contra del pueblo #213,framing_binario,1
Ellos siempre han estado en contra del pueblo #60,framing_binario,1
"Según el INEI, el 35% de hogares no tiene agua potable #198",logos,2
"No le crean, es un ignorante sin estudios #61",ad_hominem,0
Juntos lograremos lo imposible con esperanza #135,retorica_vacia,3
"Según el INEI, el 35% de hogares no tiene agua potable #96",logos,2
Juntos lograremos lo imposible con esperanza #18,retorica_vacia,3
"Según el INEI, el 35% de hogares no tiene agua potable #150",logos,2
"Según el INEI, el 35% de hogares no tiene agua potable #151",logos,2
Juntos lograremos lo imposible con esperanza #116,retorica_vacia,3
"Según el INEI, el 35% de hogares no tiene agua potable #169",logos,2
Ellos siempre han estado en contra del pueblo #49,framing_binario,1
"Según el INEI, el 35% de hogares no tiene agua potable #190",logos,2
Ellos siempre han estado en contra del pueblo #65,framing_binario,1
Ellos siempre han estado en contra del pueblo #61,framing_binario,1
Ellos siempre han estado en contra del pueblo #112,framing_binario,1
Ellos siempre han estado en contra del pueblo #230,framing_binario,1
"No le crean, es un ignorante sin estudios #111",ad_hominem,0
Juntos lograremos lo imposible con esperanza #240,retorica_vacia,3
Ellos siempre han estado en contra del pueblo #237,framing_binario,1
Ellos siempre han estado en contra del pueblo #114,framing_binario,1
Ellos siempre han estado en contra del pueblo #5,framing_binario,1
Ellos siempre han estado en contra del pueblo #10,framing_binario,1
Juntos lograremos lo imposible con esperanza #53,retorica_vacia,3
"Según el INEI, el 35% de hogares no tiene agua potable #178",logos,2
Ellos siempre han estado en contra del pueblo #245,framing_binario,1
"Según el INEI, el 35% de hogares no tiene agua potable #171",logos,2
Ellos siempre han estado en contra del pueblo #128,framing_binario,1
"Según el INEI, el 35% de hogares no tiene agua potable #27",logos,2
Juntos lograremos lo imposible con esperanza #96,retorica_vacia,3
"No le crean, es un ignorante sin estudios #138",ad_hominem,0
Ellos siempre han estado en contra del pueblo #106,framing_binario,1
Ellos siempre han estado en contra del pueblo #116,framing_binario,1
Juntos lograremos lo imposible con esperanza #193,retorica_vacia,3
"Según el INEI, el 35% de hogares no tiene agua potable #250",logos,2
Juntos lograremos lo imposible con esperanza #199,retorica_vacia,3
Juntos lograremos lo imposible con esperanza #80,retorica_vacia,3
"Según el INEI, el 35% de hogares no tiene agua potable #157",logos,2
"No le crean, es un ignorante sin estudios #200",ad_hominem,0
"No le crean, es un ignorante sin estudios #214",ad_hominem,0
Ellos siempre han estado en contra del pueblo #159,framing_binario,1
Ellos siempre han estado en contra del pueblo #83,framing_binario,1
"No le crean, es un ignorante sin estudios #209",ad_hominem,0
"Según el INEI, el 35% de hogares no tiene agua potable #114",logos,2
"No le crean, es un ignorante sin estudios #79",ad_hominem,0
"No le crean, es un ignorante sin estudios #30",ad_hominem,0
"Según el INEI, el 35% de hogares no tiene agua potable #36",logos,2
"Según el INEI, el 35% de hogares no tiene agua potable #196",logos,2
"Según el INEI, el 35% de hogares no tiene agua potable #58",logos,2
Juntos lograremos lo imposible con esperanza #87,retorica_vacia,3
"Según el INEI, el 35% de hogares no tiene agua potable #97",logos,2
"No le crean, es un ignorante sin estudios #166",ad_hominem,0
Juntos lograremos lo imposible con esperanza #169,retorica_vacia,3
Ellos siempre han estado en contra del pueblo #246,framing_binario,1
Juntos lograremos lo imposible con esperanza #75,retorica_vacia,3
"No le crean, es un ignorante sin estudios #66",ad_hominem,0
"No le crean, es un ignorante sin estudios #142",ad_hominem,0
Juntos lograremos lo imposible con esperanza #176,retorica_vacia,3
Juntos lograremos lo imposible con esperanza #78,retorica_vacia,3
"Según el INEI, el 35% de hogares no tiene agua potable #156",logos,2
Ellos siempre han estado en contra del pueblo #82,framing_binario,1
"Según el INEI, el 35% de hogares no tiene agua potable #165",logos,2
"No le crean, es un ignorante sin estudios #250",ad_hominem,0
Juntos lograremos lo imposible con esperanza #158,retorica_vacia,3
"Según el INEI, el 35% de hogares no tiene agua potable #209",logos,2
Ellos siempre han estado en contra del pueblo #56,framing_binario,1
"Según el INEI, el 35% de hogares no tiene agua potable #235",logos,2
Juntos lograremos lo imposible con esperanza #226,retorica_vacia,3
"No le crean, es un ignorante sin estudios #50",ad_hominem,0
Juntos lograremos lo imposible con esperanza #147,retorica_vacia,3
"No le crean, es un ignorante sin estudios #3",ad_hominem,0
"Según el INEI, el 35% de hogares no tiene agua potable #45",logos,2
Ellos siempre han estado en contra del pueblo #101,framing_binario,1
Juntos lograremos lo imposible con esperanza #155,retorica_vacia,3
"Según el INEI, el 35% de hogares no tiene agua potable #37",logos,2
Ellos siempre han estado en contra del pueblo #95,framing_binario,1
Juntos lograremos lo imposible con esperanza #245,retorica_vacia,3
Ellos siempre han estado en contra del pueblo #232,framing_binario,1
"Según el INEI, el 35% de hogares no tiene agua potable #76",logos,2
"No le crean, es un ignorante sin estudios #34",ad_hominem,0
"No le crean, es un ignorante sin estudios #32",ad_hominem,0
"No le crean, es un ignorante sin estudios #232",ad_hominem,0
Juntos lograremos lo imposible con esperanza #214,retorica_vacia,3
"No le crean, es un ignorante sin estudios #193",ad_hominem,0
Ellos siempre han estado en contra del pueblo #84,framing_binario,1
"No le crean, es un ignorante sin estudios #4",ad_hominem,0
"No le crean, es un ignorante sin estudios #205",ad_hominem,0
"Según el INEI, el 35% de hogares no tiene agua potable #15",logos,2
Juntos lograremos lo imposible con esperanza #50,retorica_vacia,3
Ellos siempre han estado en contra del pueblo #57,framing_binario,1
"No le crean, es un ignorante sin estudios #110",ad_hominem,0
Ellos siempre han estado en contra del pueblo #181,framing_binario,1
"No le crean, es un ignorante sin estudios #78",ad_hominem,0
"No le crean, es un ignorante sin estudios #85",ad_hominem,0
Ellos siempre han estado en contra del pueblo #37,framing_binario,1
"No le crean, es un ignorante sin estudios #83",ad_hominem,0
Juntos lograremos lo imposible con esperanza #242,retorica_vacia,3
Juntos lograremos lo imposible con esperanza #40,retorica_vacia,3
Juntos lograremos lo imposible con esperanza #145,retorica_vacia,3
Ellos siempre han estado en contra del pueblo #149,framing_binario,1
Ellos siempre han estado en contra del pueblo #74,framing_binario,1
"Según el INEI, el 35% de hogares no tiene agua potable #20",logos,2
Juntos lograremos lo imposible con esperanza #167,retorica_vacia,3
Juntos lograremos lo imposible con esperanza #173,retorica_vacia,3
"No le crean, es un ignorante sin estudios #6",ad_hominem,0
"Según el INEI, el 35% de hogares no tiene agua potable #232",logos,2
Ellos siempre han estado en contra del pueblo #216,framing_binario,1
"No le crean, es un ignorante sin estudios #98",ad_hominem,0
Ellos siempre han estado en contra del pueblo #17,framing_binario,1
Ellos siempre han estado en contra del pueblo #108,framing_binario,1
Juntos lograremos lo imposible con esperanza #119,retorica_vacia,3
Juntos lograremos lo imposible con esperanza #49,retorica_vacia,3
Ellos siempre han estado en contra del pueblo #131,framing_binario,1
"Según el INEI, el 35% de hogares no tiene agua potable #132",logos,2
Ellos siempre han estado en contra del pueblo #132,framing_binario,1
Ellos siempre han estado en contra del pueblo #241,framing_binario,1
"No le crean, es un ignorante sin estudios #119",ad_hominem,0
Juntos lograremos lo imposible con esperanza #151,retorica_vacia,3
Ellos siempre han estado en contra del pueblo #1,framing_binario,1
"Según el INEI, el 35% de hogares no tiene agua potable #24",logos,2
"No le crean, es un ignorante sin estudios #10",ad_hominem,0
"No le crean, es un ignorante sin estudios #197",ad_hominem,0
"Según el INEI, el 35% de hogares no tiene agua potable #104",logos,2
"No le crean, es un ignorante sin estudios #82",ad_hominem,0
Juntos lograremos lo imposible con esperanza #34,retorica_vacia,3
"Según el INEI, el 35% de hogares no tiene agua potable #88",logos,2
Juntos lograremos lo imposible con esperanza #48,retorica_vacia,3
"No le crean, es un ignorante sin estudios #240",ad_hominem,0
Ellos siempre han estado en contra del pueblo #41,framing_binario,1
"No le crean, es un ignorante sin estudios #212",ad_hominem,0
"Según el INEI, el 35% de hogares no tiene agua potable #218",logos,2
Ellos siempre han estado en contra del pueblo #110,framing_binario,1
Ellos siempre han estado en contra del pueblo #200,framing_binario,1
"No le crean, es un ignorante sin estudios #228",ad_hominem,0
Juntos lograremos lo imposible con esperanza #201,retorica_vacia,3
Juntos lograremos lo imposible con esperanza #197,retorica_vacia,3
Juntos lograremos lo imposible con esperanza #47,retorica_vacia,3
"Según el INEI, el 35% de hogares no tiene agua potable #2",logos,2
Ellos siempre han estado en contra del pueblo #215,framing_binario,1
Ellos siempre han estado en contra del pueblo #113,framing_binario,1
Ellos siempre han estado en contra del pueblo #219,framing_binario,1
Juntos lograremos lo imposible con esperanza #186,retorica_vacia,3
Ellos siempre han estado en contra del pueblo #179,framing_binario,1
"No le crean, es un ignorante sin estudios #8",ad_hominem,0
"No le crean, es un ignorante sin estudios #156",ad_hominem,0
"Según el INEI, el 35% de hogares no tiene agua potable #42",logos,2
Ellos siempre han estado en contra del pueblo #191,framing_binario,1
Ellos siempre han estado en contra del pueblo #233,framing_binario,1
Ellos siempre han estado en contra del pueblo #173,framing_binario,1
Juntos lograremos lo imposible con esperanza #29,retorica_vacia,3
Juntos lograremos lo imposible con esperanza #200,retorica_vacia,3
Ellos siempre han estado en contra del pueblo #85,framing_binario,1
"Según el INEI, el 35% de hogares no tiene agua potable #77",logos,2
Juntos lograremos lo imposible con esperanza #185,retorica_vacia,3
"Según el INEI, el 35% de hogares no tiene agua potable #68",logos,2
"Según el INEI, el 35% de hogares no tiene agua potable #95",logos,2
"Según el INEI, el 35% de hogares no tiene agua potable #31",logos,2
"Según el INEI, el 35% de hogares no tiene agua potable #82",logos,2
"Según el INEI, el 35% de hogares no tiene agua potable #208",logos,2
Ellos siempre han estado en contra del pueblo #199,framing_binario,1
Ellos siempre han estado en contra del pueblo #204,framing_binario,1
"No le crean, es un ignorante sin estudios #229",ad_hominem,0
Ellos siempre han estado en contra del pueblo #103,framing_binario,1
"Según el INEI, el 35% de hogares no tiene agua potable #229",logos,2
"No le crean, es un ignorante sin estudios #213",ad_hominem,0
"No le crean, es un ignorante sin estudios #80",ad_hominem,0
"No le crean, es un ignorante sin estudios #149",ad_hominem,0
Ellos siempre han estado en contra del pueblo #53,framing_binario,1
"Según el INEI, el 35% de hogares no tiene agua potable #129",logos,2
Juntos lograremos lo imposible con esperanza #28,retorica_vacia,3
"Según el INEI, el 35% de hogares no tiene agua potable #7",logos,2
Ellos siempre han estado en contra del pueblo #93,framing_binario,1
Ellos siempre han estado en contra del pueblo #236,framing_binario,1
"Según el INEI, el 35% de hogares no tiene agua potable #212",logos,2
"No le crean, es un ignorante sin estudios #134",ad_hominem,0
"Según el INEI, el 35% de hogares no tiene agua potable #204",logos,2
Ellos siempre han estado en contra del pueblo #62,framing_binario,1
"Según el INEI, el 35% de hogares no tiene agua potable #223",logos,2
"Según el INEI, el 35% de hogares no tiene agua potable #130",logos,2
"No le crean, es un ignorante sin estudios #1",ad_hominem,0
Ellos siempre han estado en contra del pueblo #67,framing_binario,1
"Según el INEI, el 35% de hogares no tiene agua potable #207",logos,2
"Según el INEI, el 35% de hogares no tiene agua potable #48",logos,2
Juntos lograremos lo imposible con esperanza #123,retorica_vacia,3
"Según el INEI, el 35% de hogares no tiene agua potable #33",logos,2
Ellos siempre han estado en contra del pueblo #228,framing_binario,1
Ellos siempre han estado en contra del pueblo #155,framing_binario,1
"No le crean, es un ignorante sin estudios #173",ad_hominem,0
"No le crean, es un ignorante sin estudios #126",ad_hominem,0
Ellos siempre han estado en contra del pueblo #145,framing_binario,1
Ellos siempre han estado en contra del pueblo #171,framing_binario,1
"Según el INEI, el 35% de hogares no tiene agua potable #53",logos,2
Juntos lograremos lo imposible con esperanza #154,retorica_vacia,3
"No le crean, es un ignorante sin estudios #91",ad_hominem,0
Juntos lograremos lo imposible con esperanza #190,retorica_vacia,3
"No le crean, es un ignorante sin estudios #182",ad_hominem,0
Ellos siempre han estado en contra del pueblo #25,framing_binario,1
Juntos lograremos lo imposible con esperanza #146,retorica_vacia,3
"No le crean, es un ignorante sin estudios #70",ad_hominem,0
Ellos siempre han estado en contra del pueblo #42,framing_binario,1
"No le crean, es un ignorante sin estudios #132",ad_hominem,0
Ellos siempre han estado en contra del pueblo #51,framing_binario,1
Ellos siempre han estado en contra del pueblo #175,framing_binario,1
Ellos siempre han estado en contra del pueblo #77,framing_binario,1
"No le crean, es un ignorante sin estudios #145",ad_hominem,0
Ellos siempre han estado en contra del pueblo #174,framing_binario,1
"Según el INEI, el 35% de hogares no tiene agua potable #81",logos,2
"No le crean, es un ignorante sin estudios #136",ad_hominem,0
Ellos siempre han estado en contra del pueblo #201,framing_binario,1
"No le crean, es un ignorante sin estudios #165",ad_hominem,0
"No le crean, es un ignorante sin estudios #29",ad_hominem,0
Juntos lograremos lo imposible con esperanza #24,retorica_vacia,3
"No le crean, es un ignorante sin estudios #194",ad_hominem,0
Ellos siempre han estado en contra del pueblo #139,framing_binario,1
Juntos lograremos lo imposible con esperanza #103,retorica_vacia,3
"No le crean, es un ignorante sin estudios #170",ad_hominem,0
"Según el INEI, el 35% de hogares no tiene agua potable #206",logos,2
"No le crean, es un ignorante sin estudios #141",ad_hominem,0
"No le crean, es un ignorante sin estudios #174",ad_hominem,0
"No le crean, es un ignorante sin estudios #7",ad_hominem,0
"Según el INEI, el 35% de hogares no tiene agua potable #246",logos,2
Ellos siempre han estado en contra del pueblo #229,framing_binario,1
"No le crean, es un ignorante sin estudios #74",ad_hominem,0
Juntos lograremos lo imposible con esperanza #161,retorica_vacia,3
Juntos lograremos lo imposible con esperanza #64,retorica_vacia,3
"No le crean, es un ignorante sin estudios #239",ad_hominem,0
"No le crean, es un ignorante sin estudios #146",ad_hominem,0
Juntos lograremos lo imposible con esperanza #43,retorica_vacia,3
"No le crean, es un ignorante sin estudios #235",ad_hominem,0
"No le crean, es un ignorante sin estudios #221",ad_hominem,0
Juntos lograremos lo imposible con esperanza #174,retorica_vacia,3
"Según el INEI, el 35% de hogares no tiene agua potable #1",logos,2
"No le crean, es un ignorante sin estudios #133",ad_hominem,0
Juntos lograremos lo imposible con esperanza #241,retorica_vacia,3
Juntos lograremos lo imposible con esperanza #25,retorica_vacia,3
"No le crean, es un ignorante sin estudios #186",ad_hominem,0
"No le crean, es un ignorante sin estudios #42",ad_hominem,0
"Según el INEI, el 35% de hogares no tiene agua potable #197",logos,2
"No le crean, es un ignorante sin estudios #109",ad_hominem,0
"Según el INEI, el 35% de hogares no tiene agua potable #89",logos,2
"No le crean, es un ignorante sin estudios #57",ad_hominem,0
Ellos siempre han estado en contra del pueblo #156,framing_binario,1
Ellos siempre han estado en contra del pueblo #193,framing_binario,1
Juntos lograremos lo imposible con esperanza #8,retorica_vacia,3
Juntos lograremos lo imposible con esperanza #248,retorica_vacia,3
"No le crean, es un ignorante sin estudios #25",ad_hominem,0
Ellos siempre han estado en contra del pueblo #218,framing_binario,1
"Según el INEI, el 35% de hogares no tiene agua potable #40",logos,2
"Según el INEI, el 35% de hogares no tiene agua potable #32",logos,2
"Según el INEI, el 35% de hogares no tiene agua potable #119",logos,2
"Según el INEI, el 35% de hogares no tiene agua potable #195",logos,2
Juntos lograremos lo imposible con esperanza #177,retorica_vacia,3
Ellos siempre han estado en contra del pueblo #89,framing_binario,1
"No le crean, es un ignorante sin estudios #52",ad_hominem,0
"Según el INEI, el 35% de hogares no tiene agua potable #8",logos,2
"Según el INEI, el 35% de hogares no tiene agua potable #17",logos,2
Juntos lograremos lo imposible con esperanza #171,retorica_vacia,3
Juntos lograremos lo imposible con esperanza #32,retorica_vacia,3
Ellos siempre han estado en contra del pueblo #15,framing_binario,1
Juntos lograremos lo imposible con esperanza #68,retorica_vacia,3
"Según el INEI, el 35% de hogares no tiene agua potable #211",logos,2
"Según el INEI, el 35% de hogares no tiene agua potable #183",logos,2
Juntos lograremos lo imposible con esperanza #83,retorica_vacia,3
"Según el INEI, el 35% de hogares no tiene agua potable #19",logos,2
Ellos siempre han estado en contra del pueblo #198,framing_binario,1
"No le crean, es un ignorante sin estudios #19",ad_hominem,0
"Según el INEI, el 35% de hogares no tiene agua potable #216",logos,2
Ellos siempre han estado en contra del pueblo #234,framing_binario,1
"Según el INEI, el 35% de hogares no tiene agua potable #69",logos,2
Ellos siempre han estado en contra del pueblo #184,framing_binario,1
Ellos siempre han estado en contra del pueblo #118,framing_binario,1
"No le crean, es un ignorante sin estudios #84",ad_hominem,0
"No le crean, es un ignorante sin estudios #62",ad_hominem,0
"Según el INEI, el 35% de hogares no tiene agua potable #139",logos,2
Ellos siempre han estado en contra del pueblo #23,framing_binario,1
Ellos siempre han estado en contra del pueblo #36,framing_binario,1
Ellos siempre han estado en contra del pueblo #111,framing_binario,1
Ellos siempre han estado en contra del pueblo #105,framing_binario,1
Ellos siempre han estado en contra del pueblo #207,framing_binario,1
Ellos siempre han estado en contra del pueblo #29,framing_binario,1
"No le crean, es un ignorante sin estudios #13",ad_hominem,0
"No le crean, es un ignorante sin estudios #183",ad_hominem,0
Ellos siempre han estado en contra del pueblo #119,framing_binario,1
Juntos lograremos lo imposible con esperanza #132,retorica_vacia,3
"Según el INEI, el 35% de hogares no tiene agua potable #116",logos,2
"No le crean, es un ignorante sin estudios #224",ad_hominem,0
"Según el INEI, el 35% de hogares no tiene agua potable #73",logos,2
Juntos lograremos lo imposible con esperanza #221,retorica_vacia,3
"Según el INEI, el 35% de hogares no tiene agua potable #154",logos,2
"Según el INEI, el 35% de hogares no tiene agua potable #46",logos,2
"Según el INEI, el 35% de hogares no tiene agua potable #83",logos,2
"Según el INEI, el 35% de hogares no tiene agua potable #134",logos,2
"No le crean, es un ignorante sin estudios #177",ad_hominem,0
"Según el INEI, el 35% de hogares no tiene agua potable #166",logos,2
"Según el INEI, el 35% de hogares no tiene agua potable #174",logos,2
"Según el INEI, el 35% de hogares no tiene agua potable #86",logos,2
Juntos lograremos lo imposible con esperanza #124,retorica_vacia,3
Ellos siempre han estado en contra del pueblo #144,framing_binario,1
"No le crean, es un ignorante sin estudios #164",ad_hominem,0
"No le crean, es un ignorante sin estudios #249",ad_hominem,0
"Según el INEI, el 35% de hogares no tiene agua potable #135",logos,2
Juntos lograremos lo imposible con esperanza #136,retorica_vacia,3
"Según el INEI, el 35% de hogares no tiene agua potable #170",logos,2
Ellos siempre han estado en contra del pueblo #126,framing_binario,1
Ellos siempre han estado en contra del pueblo #163,framing_binario,1
"No le crean, es un ignorante sin estudios #75",ad_hominem,0
"No le crean, es un ignorante sin estudios #114",ad_hominem,0
"Según el INEI, el 35% de hogares no tiene agua potable #99",logos,2
Juntos lograremos lo imposible con esperanza #212,retorica_vacia,3
Ellos siempre han estado en contra del pueblo #141,framing_binario,1
"No le crean, es un ignorante sin estudios #105",ad_hominem,0
"No le crean, es un ignorante sin estudios #115",ad_hominem,0
Ellos siempre han estado en contra del pueblo #168,framing_binario,1
"Según el INEI, el 35% de hogares no tiene agua potable #26",logos,2
Ellos siempre han estado en contra del pueblo #208,framing_binario,1
Ellos siempre han estado en contra del pueblo #160,framing_binario,1
"No le crean, es un ignorante sin estudios #93",ad_hominem,0
Juntos lograremos lo imposible con esperanza #181,retorica_vacia,3
"No le crean, es un ignorante sin estudios #90",ad_hominem,0
Ellos siempre han estado en contra del pueblo #87,framing_binario,1
Juntos lograremos lo imposible con esperanza #239,retorica_vacia,3
Juntos lograremos lo imposible con esperanza #172,retorica_vacia,3
Juntos lograremos lo imposible con esperanza #184,retorica_vacia,3
"Según el INEI, el 35% de hogares no tiene agua potable #106",logos,2
"Según el INEI, el 35% de hogares no tiene agua potable #94",logos,2
"Según el INEI, el 35% de hogares no tiene agua potable #112",logos,2
"No le crean, es un ignorante sin estudios #95",ad_hominem,0
"No le crean, es un ignorante sin estudios #12",ad_hominem,0
Ellos siempre han estado en contra del pueblo #147,framing_binario,1
"Según el INEI, el 35% de hogares no tiene agua potable #34",logos,2
"No le crean, es un ignorante sin estudios #44",ad_hominem,0
"No le crean, es un ignorante sin estudios #43",ad_hominem,0
Ellos siempre han estado en contra del pueblo #80,framing_binario,1
"No le crean, es un ignorante sin estudios #168",ad_hominem,0
Ellos siempre han estado en contra del pueblo #248,framing_binario,1
Juntos lograremos lo imposible con esperanza #127,retorica_vacia,3
"Según el INEI, el 35% de hogares no tiene agua potable #98",logos,2
Juntos lograremos lo imposible con esperanza #7,retorica_vacia,3
"No le crean, es un ignorante sin estudios #101",ad_hominem,0
Ellos siempre han estado en contra del pueblo #177,framing_binario,1
"No le crean, es un ignorante sin estudios #179",ad_hominem,0
Ellos siempre han estado en contra del pueblo #195,framing_binario,1
Ellos siempre han estado en contra del pueblo #167,framing_binario,1
Juntos lograremos lo imposible con esperanza #121,retorica_vacia,3
Juntos lograremos lo imposible con esperanza #133,retorica_vacia,3
"Según el INEI, el 35% de hogares no tiene agua potable #181",logos,2
"No le crean, es un ignorante sin estudios #178",ad_hominem,0
Ellos siempre han estado en contra del pueblo #146,framing_binario,1
Juntos lograremos lo imposible con esperanza #162,retorica_vacia,3
Juntos lograremos lo imposible con esperanza #44,retorica_vacia,3
Juntos lograremos lo imposible con esperanza #211,retorica_vacia,3
"Según el INEI, el 35% de hogares no tiene agua potable #185",logos,2
Ellos siempre han estado en contra del pueblo #134,framing_binario,1
Juntos lograremos lo imposible con esperanza #207,retorica_vacia,3
Juntos lograremos lo imposible con esperanza #2,retorica_vacia,3
Ellos siempre han estado en contra del pueblo #8,framing_binario,1
"Según el INEI, el 35% de hogares no tiene agua potable #39",logos,2
Ellos siempre han estado en contra del pueblo #86,framing_binario,1
"No le crean, es un ignorante sin estudios #16",ad_hominem,0
Ellos siempre han estado en contra del pueblo #75,framing_binario,1
Juntos lograremos lo imposible con esperanza #9,retorica_vacia,3
"No le crean, es un ignorante sin estudios #223",ad_hominem,0
"No le crean, es un ignorante sin estudios #180",ad_hominem,0
Juntos lograremos lo imposible con esperanza #234,retorica_vacia,3
"No le crean, es un ignorante sin estudios #23",ad_hominem,0
Ellos siempre han estado en contra del pueblo #107,framing_binario,1
"Según el INEI, el 35% de hogares no tiene agua potable #167",logos,2
Juntos lograremos lo imposible con esperanza #112,retorica_vacia,3
Ellos siempre han estado en contra del pueblo #91,framing_binario,1
Ellos siempre han estado en contra del pueblo #182,framing_binario,1
"Según el INEI, el 35% de hogares no tiene agua potable #52",logos,2
Juntos lograremos lo imposible con esperanza #84,retorica_vacia,3
"No le crean, es un ignorante sin estudios #204",ad_hominem,0
"Según el INEI, el 35% de hogares no tiene agua potable #131",logos,2
"No le crean, es un ignorante sin estudios #94",ad_hominem,0
"Según el INEI, el 35% de hogares no tiene agua potable #59",logos,2
"No le crean, es un ignorante sin estudios #69",ad_hominem,0
"Según el INEI, el 35% de hogares no tiene agua potable #123",logos,2
Ellos siempre han estado en contra del pueblo #35,framing_binario,1
Juntos lograremos lo imposible con esperanza #95,retorica_vacia,3
Ellos siempre han estado en contra del pueblo #185,framing_binario,1
"No le crean, es un ignorante sin estudios #154",ad_hominem,0
"No le crean, es un ignorante sin estudios #76",ad_hominem,0
"Según el INEI, el 35% de hogares no tiene agua potable #231",logos,2
Ellos siempre han estado en contra del pueblo #197,framing_binario,1
"No le crean, es un ignorante sin estudios #189",ad_hominem,0
Ellos siempre han estado en contra del pueblo #22,framing_binario,1
"No le crean, es un ignorante sin estudios #237",ad_hominem,0
Ellos siempre han estado en contra del pueblo #238,framing_binario,1
"No le crean, es un ignorante sin estudios #118",ad_hominem,0
Juntos lograremos lo imposible con esperanza #194,retorica_vacia,3
"Según el INEI, el 35% de hogares no tiene agua potable #13",logos,2
Juntos lograremos lo imposible con esperanza #76,retorica_vacia,3
"Según el INEI, el 35% de hogares no tiene agua potable #92",logos,2
"No le crean, es un ignorante sin estudios #127",ad_hominem,0
"No le crean, es un ignorante sin estudios #117",ad_hominem,0
Ellos siempre han estado en contra del pueblo #224,framing_binario,1
"Según el INEI, el 35% de hogares no tiene agua potable #194",logos,2
"No le crean, es un ignorante sin estudios #58",ad_hominem,0
Juntos lograremos lo imposible con esperanza #114,retorica_vacia,3
Juntos lograremos lo imposible con esperanza #163,retorica_vacia,3
Ellos siempre han estado en contra del pueblo #120,framing_binario,1
Ellos siempre han estado en contra del pueblo #19,framing_binario,1
"No le crean, es un ignorante sin estudios #47",ad_hominem,0
Ellos siempre han estado en contra del pueblo #100,framing_binario,1
"No le crean, es un ignorante sin estudios #196",ad_hominem,0
Juntos lograremos lo imposible con esperanza #250,retorica_vacia,3
Juntos lograremos lo imposible con esperanza #85,retorica_vacia,3
"Según el INEI, el 35% de hogares no tiene agua potable #237",logos,2
Ellos siempre han estado en contra del pueblo #14,framing_binario,1
Ellos siempre han estado en contra del pueblo #194,framing_binario,1
"Según el INEI, el 35% de hogares no tiene agua potable #176",logos,2
Ellos siempre han estado en contra del pueblo #55,framing_binario,1
Ellos siempre han estado en contra del pueblo #92,framing_binario,1
Juntos lograremos lo imposible con esperanza #217,retorica_vacia,3
"No le crean, es un ignorante sin estudios #150",ad_hominem,0
"No le crean, es un ignorante sin estudios #125",ad_hominem,0
Juntos lograremos lo imposible con esperanza #37,retorica_vacia,3
"No le crean, es un ignorante sin estudios #51",ad_hominem,0
Ellos siempre han estado en contra del pueblo #104,framing_binario,1
Juntos lograremos lo imposible con esperanza #178,retorica_vacia,3
"No le crean, es un ignorante sin estudios #143",ad_hominem,0
Ellos siempre han estado en contra del pueblo #221,framing_binario,1
Ellos siempre han estado en contra del pueblo #150,framing_binario,1
"Según el INEI, el 35% de hogares no tiene agua potable #126",logos,2
Ellos siempre han estado en contra del pueblo #71,framing_binario,1
"No le crean, es un ignorante sin estudios #20",ad_hominem,0
Juntos lograremos lo imposible con esperanza #60,retorica_vacia,3
Juntos lograremos lo imposible con esperanza #41,retorica_vacia,3
Juntos lograremos lo imposible con esperanza #59,retorica_vacia,3
Ellos siempre han estado en contra del pueblo #158,framing_binario,1
"Según el INEI, el 35% de hogares no tiene agua potable #38",logos,2
"Según el INEI, el 35% de hogares no tiene agua potable #121",logos,2
"No le crean, es un ignorante sin estudios #39",ad_hominem,0
"No le crean, es un ignorante sin estudios #176",ad_hominem,0
"No le crean, es un ignorante sin estudios #246",ad_hominem,0
Juntos lograremos lo imposible con esperanza #79,retorica_vacia,3
"Según el INEI, el 35% de hogares no tiene agua potable #168",logos,2
Juntos lograremos lo imposible con esperanza #5,retorica_vacia,3
Juntos lograremos lo imposible con esperanza #109,retorica_vacia,3
"No le crean, es un ignorante sin estudios #155",ad_hominem,0
Ellos siempre han estado en contra del pueblo #38,framing_binario,1
"Según el INEI, el 35% de hogares no tiene agua potable #103",logos,2
"Según el INEI, el 35% de hogares no tiene agua potable #70",logos,2
"Según el INEI, el 35% de hogares no tiene agua potable #244",logos,2
"No le crean, es un ignorante sin estudios #18",ad_hominem,0
"No le crean, es un ignorante sin estudios #128",ad_hominem,0
Ellos siempre han estado en contra del pueblo #73,framing_binario,1
Ellos siempre han estado en contra del pueblo #6,framing_binario,1
"Según el INEI, el 35% de hogares no tiene agua potable #158",logos,2
Juntos lograremos lo imposible con esperanza #215,retorica_vacia,3
"No le crean, es un ignorante sin estudios #191",ad_hominem,0
"No le crean, es un ignorante sin estudios #116",ad_hominem,0
"Según el INEI, el 35% de hogares no tiene agua potable #117",logos,2
"Según el INEI, el 35% de hogares no tiene agua potable #107",logos,2
"No le crean, es un ignorante sin estudios #181",ad_hominem,0
Ellos siempre han estado en contra del pueblo #52,framing_binario,1
Juntos lograremos lo imposible con esperanza #10,retorica_vacia,3
"Según el INEI, el 35% de hogares no tiene agua potable #213",logos,2
"Según el INEI, el 35% de hogares no tiene agua potable #224",logos,2
"Según el INEI, el 35% de hogares no tiene agua potable #186",logos,2
Juntos lograremos lo imposible con esperanza #230,retorica_vacia,3
"Según el INEI, el 35% de hogares no tiene agua potable #18",logos,2
Juntos lograremos lo imposible con esperanza #235,retorica_vacia,3
"No le crean, es un ignorante sin estudios #46",ad_hominem,0
Juntos lograremos lo imposible con esperanza #160,retorica_vacia,3
"No le crean, es un ignorante sin estudios #158",ad_hominem,0
Juntos lograremos lo imposible con esperanza #102,retorica_vacia,3
"No le crean, es un ignorante sin estudios #172",ad_hominem,0
"No le crean, es un ignorante sin estudios #17",ad_hominem,0
"Según el INEI, el 35% de hogares no tiene agua potable #12",logos,2
"No le crean, es un ignorante sin estudios #49",ad_hominem,0
Juntos lograremos lo imposible con esperanza #222,retorica_vacia,3
Juntos lograremos lo imposible con esperanza #191,retorica_vacia,3
"Según el INEI, el 35% de hogares no tiene agua potable #16",logos,2
Juntos lograremos lo imposible con esperanza #203,retorica_vacia,3
Ellos siempre han estado en contra del pueblo #231,framing_binario,1
Ellos siempre han estado en contra del pueblo #34,framing_binario,1
"Según el INEI, el 35% de hogares no tiene agua potable #219",logos,2
Juntos lograremos lo imposible con esperanza #128,retorica_vacia,3
"No le crean, es un ignorante sin estudios #226",ad_hominem,0
"No le crean, es un ignorante sin estudios #27",ad_hominem,0
Juntos lograremos lo imposible con esperanza #205,retorica_vacia,3
Ellos siempre han estado en contra del pueblo #188,framing_binario,1
Juntos lograremos lo imposible con esperanza #202,retorica_vacia,3
Ellos siempre han estado en contra del pueblo #115,framing_binario,1
"No le crean, es un ignorante sin estudios #230",ad_hominem,0
"No le crean, es un ignorante sin estudios #38",ad_hominem,0
Juntos lograremos lo imposible con esperanza #216,retorica_vacia,3
Ellos siempre han estado en contra del pueblo #125,framing_binario,1
Ellos siempre han estado en contra del pueblo #220,framing_binario,1
Juntos lograremos lo imposible con esperanza #218,retorica_vacia,3
Juntos lograremos lo imposible con esperanza #101,retorica_vacia,3
"Según el INEI, el 35% de hogares no tiene agua potable #205",logos,2
Juntos lograremos lo imposible con esperanza #92,retorica_vacia,3
"No le crean, es un ignorante sin estudios #195",ad_hominem,0
Juntos lograremos lo imposible con esperanza #105,retorica_vacia,3
Juntos lograremos lo imposible con esperanza #115,retorica_vacia,3
"Según el INEI, el 35% de hogares no tiene agua potable #4",logos,2
Juntos lograremos lo imposible con esperanza #220,retorica_vacia,3
Juntos lograremos lo imposible con esperanza #81,retorica_vacia,3
"Según el INEI, el 35% de hogares no tiene agua potable #80",logos,2
Juntos lograremos lo imposible con esperanza #219,retorica_vacia,3
"No le crean, es un ignorante sin estudios #163",ad_hominem,0
Juntos lograremos lo imposible con esperanza #159,retorica_vacia,3
"No le crean, es un ignorante sin estudios #153",ad_hominem,0
Juntos lograremos lo imposible con esperanza #52,retorica_vacia,3
Juntos lograremos lo imposible con esperanza #244,retorica_vacia,3
Juntos lograremos lo imposible con esperanza #6,retorica_vacia,3
"No le crean, es un ignorante sin estudios #112",ad_hominem,0
"No le crean, es un ignorante sin estudios #227",ad_hominem,0
"Según el INEI, el 35% de hogares no tiene agua potable #189",logos,2
"No le crean, es un ignorante sin estudios #104",ad_hominem,0
Ellos siempre han estado en contra del pueblo #172,framing_binario,1
Ellos siempre han estado en contra del pueblo #170,framing_binario,1
Juntos lograremos lo imposible con esperanza #1,retorica_vacia,3
"Según el INEI, el 35% de hogares no tiene agua potable #87",logos,2
Juntos lograremos lo imposible con esperanza #31,retorica_vacia,3
"Según el INEI, el 35% de hogares no tiene agua potable #173",logos,2
"No le crean, es un ignorante sin estudios #120",ad_hominem,0
"No le crean, es un ignorante sin estudios #54",ad_hominem,0
"No le crean, es un ignorante sin estudios #152",ad_hominem,0
Ellos siempre han estado en contra del pueblo #154,framing_binario,1
Juntos lograremos lo imposible con esperanza #196,retorica_vacia,3
"No le crean, es un ignorante sin estudios #208",ad_hominem,0
"Según el INEI, el 35% de hogares no tiene agua potable #159",logos,2
Juntos lograremos lo imposible con esperanza #94,retorica_vacia,3
Juntos lograremos lo imposible con esperanza #13,retorica_vacia,3
"No le crean, es un ignorante sin estudios #9",ad_hominem,0
Juntos lograremos lo imposible con esperanza #58,retorica_vacia,3
"No le crean, es un ignorante sin estudios #37",ad_hominem,0
Ellos siempre han estado en contra del pueblo #203,framing_binario,1
"Según el INEI, el 35% de hogares no tiene agua potable #152",logos,2
Ellos siempre han estado en contra del pueblo #4,framing_binario,1
Ellos siempre han estado en contra del pueblo #54,framing_binario,1
"Según el INEI, el 35% de hogares no tiene agua potable #247",logos,2
"Según el INEI, el 35% de hogares no tiene agua potable #72",logos,2
"Según el INEI, el 35% de hogares no tiene agua potable #124",logos,2
"Según el INEI, el 35% de hogares no tiene agua potable #233",logos,2
Juntos lograremos lo imposible con esperanza #142,retorica_vacia,3
Ellos siempre han estado en contra del pueblo #13,framing_binario,1
"Según el INEI, el 35% de hogares no tiene agua potable #111",logos,2
Ellos siempre han estado en contra del pueblo #48,framing_binario,1
Ellos siempre han estado en contra del pueblo #165,framing_binario,1
"No le crean, es un ignorante sin estudios #151",ad_hominem,0
Juntos lograremos lo imposible con esperanza #39,retorica_vacia,3
"Según el INEI, el 35% de hogares no tiene agua potable #141",logos,2
Juntos lograremos lo imposible con esperanza #140,retorica_vacia,3
"Según el INEI, el 35% de hogares no tiene agua potable #51",logos,2
Juntos lograremos lo imposible con esperanza #137,retorica_vacia,3
Ellos siempre han estado en contra del pueblo #239,framing_binario,1
"No le crean, es un ignorante sin estudios #148",ad_hominem,0
"No le crean, es un ignorante sin estudios #147",ad_hominem,0
"Según el INEI, el 35% de hogares no tiene agua potable #221",logos,2
Juntos lograremos lo imposible con esperanza #182,retorica_vacia,3
"Según el INEI, el 35% de hogares no tiene agua potable #240",logos,2
"Según el INEI, el 35% de hogares no tiene agua potable #160",logos,2
Ellos siempre han estado en contra del pueblo #99,framing_binario,1
Ellos siempre han estado en contra del pueblo #214,framing_binario,1
Ellos siempre han estado en contra del pueblo #76,framing_binario,1
"No le crean, es un ignorante sin estudios #187",ad_hominem,0
"No le crean, es un ignorante sin estudios #124",ad_hominem,0
Juntos lograremos lo imposible con esperanza #104,retorica_vacia,3
"Según el INEI, el 35% de hogares no tiene agua potable #109",logos,2
"No le crean, es un ignorante sin estudios #144",ad_hominem,0
Juntos lograremos lo imposible con esperanza #209,retorica_vacia,3
"No le crean, es un ignorante sin estudios #198",ad_hominem,0
"Según el INEI, el 35% de hogares no tiene agua potable #110",logos,2
Ellos siempre han estado en contra del pueblo #30,framing_binario,1
Ellos siempre han estado en contra del pueblo #44,framing_binario,1
Ellos siempre han estado en contra del pueblo #151,framing_binario,1
"No le crean, es un ignorante sin estudios #123",ad_hominem,0
"No le crean, es un ignorante sin estudios #184",ad_hominem,0
"No le crean, es un ignorante sin estudios #203",ad_hominem,0
Ellos siempre han estado en contra del pueblo #189,framing_binario,1
"No le crean, es un ignorante sin estudios #247",ad_hominem,0
Ellos siempre han estado en contra del pueblo #166,framing_binario,1
Juntos lograremos lo imposible con esperanza #183,retorica_vacia,3
Juntos lograremos lo imposible con esperanza #16,retorica_vacia,3
Juntos lograremos lo imposible con esperanza #157,retorica_vacia,3
Juntos lograremos lo imposible con esperanza #86,retorica_vacia,3
Juntos lograremos lo imposible con esperanza #138,retorica_vacia,3
"No le crean, es un ignorante sin estudios #130",ad_hominem,0
"Según el INEI, el 35% de hogares no tiene agua potable #138",logos,2
Ellos siempre han estado en contra del pueblo #153,framing_binario,1
Juntos lograremos lo imposible con esperanza #35,retorica_vacia,3
Juntos lograremos lo imposible con esperanza #21,retorica_vacia,3
"Según el INEI, el 35% de hogares no tiene agua potable #236",logos,2
Juntos lograremos lo imposible con esperanza #164,retorica_vacia,3
"No le crean, es un ignorante sin estudios #220",ad_hominem,0
"Según el INEI, el 35% de hogares no tiene agua potable #142",logos,2
Juntos lograremos lo imposible con esperanza #166,retorica_vacia,3
Juntos lograremos lo imposible con esperanza #3,retorica_vacia,3
Juntos lograremos lo imposible con esperanza #57,retorica_vacia,3
Juntos lograremos lo imposible con esperanza #170,retorica_vacia,3
"Según el INEI, el 35% de hogares no tiene agua potable #125",logos,2
Juntos lograremos lo imposible con esperanza #125,retorica_vacia,3
Juntos lograremos lo imposible con esperanza #11,retorica_vacia,3
Ellos siempre han estado en contra del pueblo #137,framing_binario,1
Juntos lograremos lo imposible con esperanza #223,retorica_vacia,3
"Según el INEI, el 35% de hogares no tiene agua potable #10",logos,2
Ellos siempre han estado en contra del pueblo #18,framing_binario,1
Juntos lograremos lo imposible con esperanza #70,retorica_vacia,3
Ellos siempre han estado en contra del pueblo #192,framing_binario,1
Ellos siempre han estado en contra del pueblo #247,framing_binario,1
"No le crean, es un ignorante sin estudios #113",ad_hominem,0
"Según el INEI, el 35% de hogares no tiene agua potable #192",logos,2
"No le crean, es un ignorante sin estudios #233",ad_hominem,0
Juntos lograremos lo imposible con esperanza #120,retorica_vacia,3
"Según el INEI, el 35% de hogares no tiene agua potable #108",logos,2
"Según el INEI, el 35% de hogares no tiene agua potable #172",logos,2
Ellos siempre han estado en contra del pueblo #124,framing_binario,1
Juntos lograremos lo imposible con esperanza #232,retorica_vacia,3
Juntos lograremos lo imposible con esperanza #93,retorica_vacia,3
"No le crean, es un ignorante sin estudios #234",ad_hominem,0
Juntos lograremos lo imposible con esperanza #36,retorica_vacia,3
"Según el INEI, el 35% de hogares no tiene agua potable #177",logos,2
Ellos siempre han estado en contra del pueblo #68,framing_binario,1
"Según el INEI, el 35% de hogares no tiene agua potable #149",logos,2
Ellos siempre han estado en contra del pueblo #161,framing_binario,1
Juntos lograremos lo imposible con esperanza #149,retorica_vacia,3
"Según el INEI, el 35% de hogares no tiene agua potable #210",logos,2
Ellos siempre han estado en contra del pueblo #109,framing_binario,1
Ellos siempre han estado en contra del pueblo #9,framing_binario,1
"Según el INEI, el 35% de hogares no tiene agua potable #245",logos,2
"Según el INEI, el 35% de hogares no tiene agua potable #128",logos,2
"Según el INEI, el 35% de hogares no tiene agua potable #133",logos,2
Ellos siempre han estado en contra del pueblo #33,framing_binario,1
Ellos siempre han estado en contra del pueblo #127,framing_binario,1
Ellos siempre han estado en contra del pueblo #135,framing_binario,1
"No le crean, es un ignorante sin estudios #225",ad_hominem,0
Juntos lograremos lo imposible con esperanza #204,retorica_vacia,3
Juntos lograremos lo imposible con esperanza #65,retorica_vacia,3
Ellos siempre han estado en contra del pueblo #223,framing_binario,1
Ellos siempre han estado en contra del pueblo #98,framing_binario,1
"Según el INEI, el 35% de hogares no tiene agua potable #6",logos,2
"Según el INEI, el 35% de hogares no tiene agua potable #140",logos,2
Juntos lograremos lo imposible con esperanza #238,retorica_vacia,3
Juntos lograremos lo imposible con esperanza #179,retorica_vacia,3
Juntos lograremos lo imposible con esperanza #156,retorica_vacia,3
"Según el INEI, el 35% de hogares no tiene agua potable #120",logos,2
Juntos lograremos lo imposible con esperanza #106,retorica_vacia,3
Juntos lograremos lo imposible con esperanza #54,retorica_vacia,3
"Según el INEI, el 35% de hogares no tiene agua potable #146",logos,2
Juntos lograremos lo imposible con esperanza #97,retorica_vacia,3
"Según el INEI, el 35% de hogares no tiene agua potable #57",logos,2
Juntos lograremos lo imposible con esperanza #208,retorica_vacia,3
"Según el INEI, el 35% de hogares no tiene agua potable #78",logos,2
Juntos lograremos lo imposible con esperanza #46,retorica_vacia,3
"No le crean, es un ignorante sin estudios #86",ad_hominem,0
"No le crean, es un ignorante sin estudios #243",ad_hominem,0
"Según el INEI, el 35% de hogares no tiene agua potable #199",logos,2
"No le crean, es un ignorante sin estudios #160",ad_hominem,0
"Según el INEI, el 35% de hogares no tiene agua potable #25",logos,2
"No le crean, es un ignorante sin estudios #36",ad_hominem,0
"Según el INEI, el 35% de hogares no tiene agua potable #41",logos,2
"No le crean, es un ignorante sin estudios #171",ad_hominem,0
"Según el INEI, el 35% de hogares no tiene agua potable #155",logos,2
Juntos lograremos lo imposible con esperanza #141,retorica_vacia,3
Juntos lograremos lo imposible con esperanza #108,retorica_vacia,3
Juntos lograremos lo imposible con esperanza #98,retorica_vacia,3
Juntos lograremos lo imposible con esperanza #195,retorica_vacia,3
"Según el INEI, el 35% de hogares no tiene agua potable #234",logos,2
"No le crean, es un ignorante sin estudios #96",ad_hominem,0
"Según el INEI, el 35% de hogares no tiene agua potable #64",logos,2
"No le crean, es un ignorante sin estudios #241",ad_hominem,0
"Según el INEI, el 35% de hogares no tiene agua potable #243",logos,2
"Según el INEI, el 35% de hogares no tiene agua potable #75",logos,2
"Según el INEI, el 35% de hogares no tiene agua potable #191",logos,2
Ellos siempre han estado en contra del pueblo #211,framing_binario,1
"Según el INEI, el 35% de hogares no tiene agua potable #54",logos,2
Juntos lograremos lo imposible con esperanza #139,retorica_vacia,3
"No le crean, es un ignorante sin estudios #207",ad_hominem,0
Ellos siempre han estado en contra del pueblo #143,framing_binario,1
Juntos lograremos lo imposible con esperanza #45,retorica_vacia,3
Ellos siempre han estado en contra del pueblo #148,framing_binario,1
Juntos lograremos lo imposible con esperanza #17,retorica_vacia,3
Juntos lograremos lo imposible con esperanza #99,retorica_vacia,3
"No le crean, es un ignorante sin estudios #218",ad_hominem,0
"No le crean, es un ignorante sin estudios #5",ad_hominem,0
Juntos lograremos lo imposible con esperanza #19,retorica_vacia,3
"Según el INEI, el 35% de hogares no tiene agua potable #143",logos,2
Juntos lograremos lo imposible con esperanza #180,retorica_vacia,3
"Según el INEI, el 35% de hogares no tiene agua potable #113",logos,2
"Según el INEI, el 35% de hogares no tiene agua potable #239",logos,2
"Según el INEI, el 35% de hogares no tiene agua potable #47",logos,2
"Según el INEI, el 35% de hogares no tiene agua potable #226",logos,2
"Según el INEI, el 35% de hogares no tiene agua potable #184",logos,2
"No le crean, es un ignorante sin estudios #99",ad_hominem,0
Juntos lograremos lo imposible con esperanza #55,retorica_vacia,3
"Según el INEI, el 35% de hogares no tiene agua potable #228",logos,2
"Según el INEI, el 35% de hogares no tiene agua potable #74",logos,2
Ellos siempre han estado en contra del pueblo #157,framing_binario,1
"Según el INEI, el 35% de hogares no tiene agua potable #3",logos,2
"No le crean, es un ignorante sin estudios #48",ad_hominem,0
"No le crean, es un ignorante sin estudios #33",ad_hominem,0
Juntos lograremos lo imposible con esperanza #30,retorica_vacia,3
Juntos lograremos lo imposible con esperanza #90,retorica_vacia,3
"No le crean, es un ignorante sin estudios #201",ad_hominem,0
"No le crean, es un ignorante sin estudios #135",ad_hominem,0
"No le crean, es un ignorante sin estudios #28",ad_hominem,0
Juntos lograremos lo imposible con esperanza #131,retorica_vacia,3
"No le crean, es un ignorante sin estudios #231",ad_hominem,0
Ellos siempre han estado en contra del pueblo #240,framing_binario,1
Juntos lograremos lo imposible con esperanza #23,retorica_vacia,3
Ellos siempre han estado en contra del pueblo #129,framing_binario,1
Ellos siempre han estado en contra del pueblo #39,framing_binario,1
Ellos siempre han estado en contra del pueblo #169,framing_binario,1
"Según el INEI, el 35% de hogares no tiene agua potable #175",logos,2
Ellos siempre han estado en contra del pueblo #142,framing_binario,1
"Según el INEI, el 35% de hogares no tiene agua potable #93",logos,2
Ellos siempre han estado en contra del pueblo #249,framing_binario,1
"No le crean, es un ignorante sin estudios #139",ad_hominem,0
"No le crean, es un ignorante sin estudios #63",ad_hominem,0
Ellos siempre han estado en contra del pueblo #222,framing_binario,1
"Según el INEI, el 35% de hogares no tiene agua potable #148",logos,2
"No le crean, es un ignorante sin estudios #129",ad_hominem,0
Juntos lograremos lo imposible con esperanza #227,retorica_vacia,3
"Según el INEI, el 35% de hogares no tiene agua potable #21",logos,2
Juntos lograremos lo imposible con esperanza #89,retorica_vacia,3
Juntos lograremos lo imposible con esperanza #213,retorica_vacia,3
"No le crean, es un ignorante sin estudios #65",ad_hominem,0
Juntos lograremos lo imposible con esperanza #63,retorica_vacia,3
"No le crean, es un ignorante sin estudios #15",ad_hominem,0
"No le crean, es un ignorante sin estudios #157",ad_hominem,0
"No le crean, es un ignorante sin estudios #41",ad_hominem,0
Ellos siempre han estado en contra del pueblo #243,framing_binario,1
Ellos siempre han estado en contra del pueblo #130,framing_binario,1
"No le crean, es un ignorante sin estudios #188",ad_hominem,0
Juntos lograremos lo imposible con esperanza #14,retorica_vacia,3
"No le crean, es un ignorante sin estudios #217",ad_hominem,0
Juntos lograremos lo imposible con esperanza #42,retorica_vacia,3
"No le crean, es un ignorante sin estudios #53",ad_hominem,0
Juntos lograremos lo imposible con esperanza #129,retorica_vacia,3
Ellos siempre han estado en contra del pueblo #88,framing_binario,1
"Según el INEI, el 35% de hogares no tiene agua potable #249",logos,2
"Según el INEI, el 35% de hogares no tiene agua potable #220",logos,2
"Según el INEI, el 35% de hogares no tiene agua potable #225",logos,2
Ellos siempre han estado en contra del pueblo #46,framing_binario,1
"Según el INEI, el 35% de hogares no tiene agua potable #202",logos,2
Ellos siempre han estado en contra del pueblo #2,framing_binario,1
"Según el INEI, el 35% de hogares no tiene agua potable #227",logos,2
Ellos siempre han estado en contra del pueblo #212,framing_binario,1
Ellos siempre han estado en contra del pueblo #206,framing_binario,1
Juntos lograremos lo imposible con esperanza #247,retorica_vacia,3
Juntos lograremos lo imposible con esperanza #66,retorica_vacia,3
Juntos lograremos lo imposible con esperanza #113,retorica_vacia,3
Ellos siempre han estado en contra del pueblo #20,framing_binario,1
"No le crean, es un ignorante sin estudios #202",ad_hominem,0
"No le crean, es un ignorante sin estudios #162",ad_hominem,0
"Según el INEI, el 35% de hogares no tiene agua potable #56",logos,2
"Según el INEI, el 35% de hogares no tiene agua potable #230",logos,2
Ellos siempre han estado en contra del pueblo #152,framing_binario,1
"Según el INEI, el 35% de hogares no tiene agua potable #203",logos,2
Ellos siempre han estado en contra del pueblo #227,framing_binario,1
Juntos lograremos lo imposible con esperanza #72,retorica_vacia,3
Juntos lograremos lo imposible con esperanza #22,retorica_vacia,3
"No le crean, es un ignorante sin estudios #106",ad_hominem,0
"Según el INEI, el 35% de hogares no tiene agua potable #66",logos,2
Ellos siempre han estado en contra del pueblo #140,framing_binario,1
"No le crean, es un ignorante sin estudios #2",ad_hominem,0
Juntos lograremos lo imposible con esperanza #188,retorica_vacia,3
Juntos lograremos lo imposible con esperanza #233,retorica_vacia,3
"Según el INEI, el 35% de hogares no tiene agua potable #62",logos,2
"No le crean, es un ignorante sin estudios #81",ad_hominem,0
"No le crean, es un ignorante sin estudios #206",ad_hominem,0
"No le crean, es un ignorante sin estudios #35",ad_hominem,0
Juntos lograremos lo imposible con esperanza #26,retorica_vacia,3
"Según el INEI, el 35% de hogares no tiene agua potable #9",logos,2
Ellos siempre han estado en contra del pueblo #178,framing_binario,1
Ellos siempre han estado en contra del pueblo #205,framing_binario,1
Ellos siempre han estado en contra del pueblo #117,framing_binario,1
"No le crean, es un ignorante sin estudios #92",ad_hominem,0
Ellos siempre han estado en contra del pueblo #90,framing_binario,1
Juntos lograremos lo imposible con esperanza #148,retorica_vacia,3
"Según el INEI, el 35% de hogares no tiene agua potable #65",logos,2
Ellos siempre han estado en contra del pueblo #96,framing_binario,1
Juntos lograremos lo imposible con esperanza #27,retorica_vacia,3
"No le crean, es un ignorante sin estudios #242",ad_hominem,0
"No le crean, es un ignorante sin estudios #14",ad_hominem,0
Ellos siempre han estado en contra del pueblo #66,framing_binario,1
"Según el INEI, el 35% de hogares no tiene agua potable #101",logos,2
Ellos siempre han estado en contra del pueblo #138,framing_binario,1
Ellos siempre han estado en contra del pueblo #24,framing_binario,1
"No le crean, es un ignorante sin estudios #167",ad_hominem,0
Juntos lograremos lo imposible con esperanza #91,retorica_vacia,3
Juntos lograremos lo imposible con esperanza #243,retorica_vacia,3
"Según el INEI, el 35% de hogares no tiene agua potable #147",logos,2
Juntos lograremos lo imposible con esperanza #69,retorica_vacia,3
Ellos siempre han estado en contra del pueblo #235,framing_binario,1
Juntos lograremos lo imposible con esperanza #231,retorica_vacia,3
"Según el INEI, el 35% de hogares no tiene agua potable #5",logos,2
Juntos lograremos lo imposible con esperanza #82,retorica_vacia,3
"No le crean, es un ignorante sin estudios #244",ad_hominem,0
"Según el INEI, el 35% de hogares no tiene agua potable #67",logos,2
Juntos lograremos lo imposible con esperanza #126,retorica_vacia,3
"Según el INEI, el 35% de hogares no tiene agua potable #63",logos,2
"Según el INEI, el 35% de hogares no tiene agua potable #187",logos,2
"No le crean, es un ignorante sin estudios #190",ad_hominem,0
Juntos lograremos lo imposible con esperanza #33,retorica_vacia,3
"Según el INEI, el 35% de hogares no tiene agua potable #200",logos,2
Ellos siempre han estado en contra del pueblo #226,framing_binario,1
"Según el INEI, el 35% de hogares no tiene agua potable #182",logos,2
"Según el INEI, el 35% de hogares no tiene agua potable #11",logos,2
"No le crean, es un ignorante sin estudios #59",ad_hominem,0
Ellos siempre han estado en contra del pueblo #225,framing_binario,1
"Según el INEI, el 35% de hogares no tiene agua potable #61",logos,2
Juntos lograremos lo imposible con esperanza #107,retorica_vacia,3
"Según el INEI, el 35% de hogares no tiene agua potable #248",logos,2
Ellos siempre han estado en contra del pueblo #3,framing_binario,1
"No le crean, es un ignorante sin estudios #22",ad_hominem,0
Ellos siempre han estado en contra del pueblo #64,framing_binario,1
Ellos siempre han estado en contra del pueblo #210,framing_binario,1
"No le crean, es un ignorante sin estudios #161",ad_hominem,0
Ellos siempre han estado en contra del pueblo #27,framing_binario,1
Juntos lograremos lo imposible con esperanza #206,retorica_vacia,3
"No le crean, es un ignorante sin estudios #192",ad_hominem,0
Ellos siempre han estado en contra del pueblo #136,framing_binario,1
Juntos lograremos lo imposible con esperanza #56,retorica_vacia,3
Ellos siempre han estado en contra del pueblo #164,framing_binario,1
Ellos siempre han estado en contra del pueblo #242,framing_binario,1
Ellos siempre han estado en contra del pueblo #94,framing_binario,1
Juntos lograremos lo imposible con esperanza #20,retorica_vacia,3
Ellos siempre han estado en contra del pueblo #59,framing_binario,1
"Según el INEI, el 35% de hogares no tiene agua potable #162",logos,2
"No le crean, es un ignorante sin estudios #131",ad_hominem,0
"Según el INEI, el 35% de hogares no tiene agua potable #164",logos,2
Juntos lograremos lo imposible con esperanza #122,retorica_vacia,3
"No le crean, es un ignorante sin estudios #100",ad_hominem,0
Ellos siempre han estado en contra del pueblo #123,framing_binario,1
"No le crean, es un ignorante sin estudios #88",ad_hominem,0
Ellos siempre han estado en contra del pueblo #209,framing_binario,1
Ellos siempre han estado en contra del pueblo #81,framing_binario,1
"No le crean, es un ignorante sin estudios #215",ad_hominem,0
Ellos siempre han estado en contra del pueblo #217,framing_binario,1
"No le crean, es un ignorante sin estudios #122",ad_hominem,0
"Según el INEI, el 35% de hogares no tiene agua potable #115",logos,2
"No le crean, es un ignorante sin estudios #21",ad_hominem,0
"Según el INEI, el 35% de hogares no tiene agua potable #201",logos,2
"No le crean, es un ignorante sin estudios #72",ad_hominem,0
"No le crean, es un ignorante sin estudios #107",ad_hominem,0
Ellos siempre han estado en contra del pueblo #21,framing_binario,1
Juntos lograremos lo imposible con esperanza #111,retorica_vacia,3
Ellos siempre han estado en contra del pueblo #186,framing_binario,1
"No le crean, es un ignorante sin estudios #103",ad_hominem,0
