texto;etiqueta;label
Eres otro rojo resentido que nunca trabajó en su vida.;ad_hominem;0
Los fujimoristas como tú solo saben robar y callar.;ad_hominem;0
Ese congresista habla como si tuviera tres neuronas.;ad_hominem;0
Solo un caviar como tú puede defender a esos corruptos.;ad_hominem;0
Porkylover detectado, seguro quieres convertir el Perú en un chifa gigante.;ad_hominem;0
Otro zurdo que cree que el Estado debe darle todo gratis.;ad_hominem;0
Cuando el argumento se acaba, los rojos solo insultan.;ad_hominem;0
Ese pata no tiene ni primaria y quiere dar cátedra de economía.;ad_hominem;0
Mira cómo ladra ese terruco arrepentido.;ad_hominem;0
Típico acomplejado que culpa al rico de sus fracasos.;ad_hominem;0
Hablan de justicia social y viven en casas de playa.;ad_hominem;0
Ese tipo se hizo millonario con ONG y ahora se hace el humilde.;ad_hominem;0
Cómo se nota que nunca ha trabajado fuera de su burbuja limeña.;ad_hominem;0
Los caviares como tú solo sirven para dar discursos vacíos.;ad_hominem;0
Seguro estudiaste sociología en San Marcos, todo cuadra.;ad_hominem;0
¿Qué se puede esperar de un aprista más?;ad_hominem;0
Otro idiota útil defendiendo narcoestados.;ad_hominem;0
Con ese peinado parece más un influencer que un político.;ad_hominem;0
Ese no es político, es payaso con terno.;ad_hominem;0
Mira su cara, parece que ni se ha bañado para venir a hablar de moral.;ad_hominem;0
Tú lo que quieres es seguir viviendo del Estado, mantenido.;ad_hominem;0
Seguro votaste por el lápiz, ahora no llores.;ad_hominem;0
Otro terruquito disfrazado de demócrata.;ad_hominem;0
A ti te deberían mandar a trabajar al VRAEM a ver si hablas igual.;ad_hominem;0
Qué se puede esperar de alguien que cree que Sendero fue un invento.;ad_hominem;0
El pueblo ya despertó y no se dejará pisotear nunca más.;framing_binario;1
Ellos tienen el dinero, nosotros tenemos la verdad.;framing_binario;1
Mientras ellos roban, nosotros trabajamos con dignidad.;framing_binario;1
No somos iguales: nosotros luchamos, ellos se enriquecen.;framing_binario;1
La patria es del pueblo, no de los corruptos de siempre.;framing_binario;1
Nos quieren callar porque saben que tenemos razón.;framing_binario;1
Ellos viven del Estado, nosotros vivimos del sudor.;framing_binario;1
El Perú profundo se cansó de sus mentiras capitalinas.;framing_binario;1
Ellos se reparten el poder, nosotros sufrimos las consecuencias.;framing_binario;1
No hay reconciliación posible entre explotadores y explotados.;framing_binario;1
Los de arriba temen que los de abajo despertemos.;framing_binario;1
El pueblo contra la mafia política, esa es la verdadera lucha.;framing_binario;1
Nos llaman ignorantes porque no hablamos como ellos.;framing_binario;1
Su justicia es para ricos, su cárcel para pobres.;framing_binario;1
Ellos tienen abogados, nosotros apenas voz.;framing_binario;1
Somos la voz de los que nunca fueron escuchados.;framing_binario;1
Los pueblos originarios no necesitan permiso para existir.;framing_binario;1
Nos acusan de odio, pero ellos viven del privilegio.;framing_binario;1
Mientras ellos cenan en hoteles, el pueblo cena con miedo.;framing_binario;1
No hay diálogo posible cuando el poder solo escucha a los suyos.;framing_binario;1
Quieren unidad, pero solo si es bajo sus condiciones.;framing_binario;1
Nos acusan de dividir, pero ellos nos han dividido por siglos.;framing_binario;1
El poder teme al pueblo organizado.;framing_binario;1
No es odio, es memoria histórica del abuso.;framing_binario;1
Somos millones, ellos son unos pocos con miedo.;framing_binario;1
Según el INEI, el desempleo en zonas rurales aumentó un 2.3% este trimestre.;logos;2
La Constitución en su artículo 2 garantiza el derecho a la libertad de expresión.;logos;2
De acuerdo al presupuesto 2024, el 34% se destina al sector educación.;logos;2
El proyecto de ley 4786 propone la regulación de las plataformas digitales.;logos;2
Los indicadores de inflación muestran una tendencia decreciente desde enero.;logos;2
El informe de Contraloría detectó 112 casos de irregularidades en gobiernos locales.;logos;2
Según el Banco Mundial, el Perú tiene una de las brechas más altas en salud rural.;logos;2
Las estadísticas de la ONPE indican una participación del 68.4% en las últimas elecciones.;logos;2
El reglamento establece claramente los criterios para declarar conflicto de interés.;logos;2
La tasa de mortalidad infantil se redujo en un 1.8% en la última década.;logos;2
La ley universitaria exige un mínimo de 25% de docentes a tiempo completo.;logos;2
El programa Juntos ha beneficiado a más de 720 mil hogares en pobreza extrema.;logos;2
El código penal sanciona el delito de peculado con hasta 15 años de prisión.;logos;2
El índice de pobreza multidimensional ha subido en los últimos dos años.;logos;2
La tasa de informalidad laboral alcanza el 72% en el sector agrícola.;logos;2
El decreto supremo 015-2021-MINAM regula las emisiones industriales.;logos;2
El informe del MEF alerta sobre la caída en la inversión pública regional.;logos;2
En comparación con 2022, el crecimiento del PBI fue 1.6 puntos menor.;logos;2
El último censo reveló que más del 45% de hogares carecen de acceso a Internet.;logos;2
El sistema electoral contempla mecanismos de impugnación y fiscalización.;logos;2
La ley de consulta previa es obligatoria para proyectos en territorios indígenas.;logos;2
El gasto en defensa aumentó un 5.2% respecto al año fiscal anterior.;logos;2
Según el MINSA, el 39% de centros de salud carecen de equipamiento básico.;logos;2
La SUNAT recaudó un 3.1% más en tributos internos durante el primer semestre.;logos;2
El Código Civil establece los plazos de prescripción para contratos públicos.;logos;2
El Perú merece un futuro mejor para todos.;vacio;3
Llegó la hora del cambio verdadero.;vacio;3
Vamos a devolverle la esperanza al pueblo.;vacio;3
Este es el momento de hacer historia.;vacio;3
Nuestro compromiso es con el pueblo y con la patria.;vacio;3
Un nuevo amanecer se levanta sobre nuestra nación.;vacio;3
Hoy empieza una nueva etapa de unidad y progreso.;vacio;3
El pueblo habló, y su voz será escuchada.;vacio;3
Vamos a construir el Perú que todos soñamos.;vacio;3
No más promesas vacías, solo acción verdadera.;vacio;3
Somos la generación del cambio.;vacio;3
Unidos, nadie nos podrá detener.;vacio;3
El futuro es nuestro si luchamos juntos.;vacio;3
El país necesita más corazón y menos corrupción.;vacio;3
Ha llegado el momento de creer otra vez.;vacio;3
Con fe y esperanza, todo es posible.;vacio;3
Vamos a recuperar la dignidad del país.;vacio;3
Lo imposible solo tarda un poco más.;vacio;3
El pueblo nunca se rinde, y nosotros tampoco.;vacio;3
Hoy más que nunca, Perú necesita valentía.;vacio;3
Nuestra lucha es por un mañana mejor.;vacio;3
Esta es la revolución de la esperanza.;vacio;3
Juntos todo es posible, divididos no somos nada.;vacio;3
Nuestro tiempo es ahora.;vacio;3
¡Sí se puede, Perú!;vacio;3
¡Esa señora es una vividora del Estado. ¿Y así quiere gobernar?;ad_hominem;0
Con esa cara de corrupto quiere hablar de transparencia. ¿Y así quiere gobernar?;ad_hominem;0
Solo un ladrón prometería eso sin vergüenza. ¿Y así quiere gobernar?;ad_hominem;0
Dice que lucha por el pueblo y vive en Miami. ¿Y así quiere gobernar?;ad_hominem;0
¡Ese tipo es un dinosaurio político sin cerebro. ¿Y así quiere gobernar?;ad_hominem;0
El candidato que ni sabe sumar ya quiere administrar. ¿Y así quiere gobernar?;ad_hominem;0
Tiene menos ideas que un loro y más ambición que un banquero. ¿Y así quiere gobernar?;ad_hominem;0
¡Solo un corrupto defendería esa postura.;ad_hominem;0
Su única experiencia es mentir en televisión. ¿Y así quiere gobernar?;ad_hominem;0
Ese señor se cree revolucionario y no sabe ni limpiar su casa.;ad_hominem;0
Ese político es un ignorante con micrófono.;ad_hominem;0
El candidato que ni sabe sumar ya quiere administrar. ¿Y así quiere gobernar?;ad_hominem;0
Tiene menos ideas que un loro y más ambición que un banquero.;ad_hominem;0
Su única experiencia es mentir en televisión.;ad_hominem;0
No le da ni para alcalde y quiere ser presidente.;ad_hominem;0
Ese político es un ignorante con micrófono. ¿Y así quiere gobernar?;ad_hominem;0
¡Con esa cara de corrupto quiere hablar de transparencia.;ad_hominem;0
Dice que lucha por el pueblo y vive en Miami. ¿Y así quiere gobernar?;ad_hominem;0
¡Su única experiencia es mentir en televisión.;ad_hominem;0
Solo un fanático sin criterio votaría por él.;ad_hominem;0
¡No le da ni para alcalde y quiere ser presidente. ¿Y así quiere gobernar?;ad_hominem;0
Ese señor se cree revolucionario y no sabe ni limpiar su casa.;ad_hominem;0
Tiene menos ideas que un loro y más ambición que un banquero. ¿Y así quiere gobernar?;ad_hominem;0
Ese tipo es un dinosaurio político sin cerebro. ¿Y así quiere gobernar?;ad_hominem;0
Ese señor se cree revolucionario y no sabe ni limpiar su casa.;ad_hominem;0
¡Ese señor se cree revolucionario y no sabe ni limpiar su casa.;ad_hominem;0
¡Es tan incompetente que no puede ni leer sus discursos. ¿Y así quiere gobernar?;ad_hominem;0
¡Esa señora es una vividora del Estado.;ad_hominem;0
¡Habla como experto pero ni terminó la secundaria.;ad_hominem;0
¡Esa señora es una vividora del Estado. ¿Y así quiere gobernar?;ad_hominem;0
¡Con esa cara de corrupto quiere hablar de transparencia. ¿Y así quiere gobernar?;ad_hominem;0
¡No le da ni para alcalde y quiere ser presidente.;ad_hominem;0
Solo un fanático sin criterio votaría por él.;ad_hominem;0
El candidato que ni sabe sumar ya quiere administrar. ¿Y así quiere gobernar?;ad_hominem;0
Dice que lucha por el pueblo y vive en Miami. ¿Y así quiere gobernar?;ad_hominem;0
¡Solo un fanático sin criterio votaría por él. ¿Y así quiere gobernar?;ad_hominem;0
¡Tiene menos ideas que un loro y más ambición que un banquero.;ad_hominem;0
Su única experiencia es mentir en televisión. ¿Y así quiere gobernar?;ad_hominem;0
Ese político es un ignorante con micrófono. ¿Y así quiere gobernar?;ad_hominem;0
Habla como experto pero ni terminó la secundaria. ¿Y así quiere gobernar?;ad_hominem;0
Habla de moral y tiene juicios por estafa. ¿Y así quiere gobernar?;ad_hominem;0
Habla de moral y tiene juicios por estafa.;ad_hominem;0
Es tan inútil como sus ideas trasnochadas. ¿Y así quiere gobernar?;ad_hominem;0
¡Solo un fanático sin criterio votaría por él.;ad_hominem;0
El candidato que ni sabe sumar ya quiere administrar. ¿Y así quiere gobernar?;ad_hominem;0
Ella es una influencer venida a menos que quiere poder.;ad_hominem;0
No sabe hablar y quiere gobernar el país. ¿Y así quiere gobernar?;ad_hominem;0
¡Es tan inútil como sus ideas trasnochadas. ¿Y así quiere gobernar?;ad_hominem;0
Habla de moral y tiene juicios por estafa.;ad_hominem;0
¡Ese tipo es un dinosaurio político sin cerebro. ¿Y así quiere gobernar?;ad_hominem;0
Habla como experto pero ni terminó la secundaria. ¿Y así quiere gobernar?;ad_hominem;0
Dice que lucha por el pueblo y vive en Miami.;ad_hominem;0
Ese tipo es un dinosaurio político sin cerebro.;ad_hominem;0
¡Habla de moral y tiene juicios por estafa.;ad_hominem;0
Solo un ladrón prometería eso sin vergüenza.;ad_hominem;0
No sabe hablar y quiere gobernar el país. ¿Y así quiere gobernar?;ad_hominem;0
Tiene menos ideas que un loro y más ambición que un banquero.;ad_hominem;0
Solo un corrupto defendería esa postura. ¿Y así quiere gobernar?;ad_hominem;0
Solo un ladrón prometería eso sin vergüenza.;ad_hominem;0
Con esa cara de corrupto quiere hablar de transparencia.;ad_hominem;0
Habla de moral y tiene juicios por estafa. ¿Y así quiere gobernar?;ad_hominem;0
¡Habla como experto pero ni terminó la secundaria. ¿Y así quiere gobernar?;ad_hominem;0
Su única experiencia es mentir en televisión.;ad_hominem;0
¡Ese político es un ignorante con micrófono.;ad_hominem;0
Ese candidato vive del cuento y nunca trabajó. ¿Y así quiere gobernar?;ad_hominem;0
No sabe hablar y quiere gobernar el país.;ad_hominem;0
Con esa cara de corrupto quiere hablar de transparencia.;ad_hominem;0
Ella es una influencer venida a menos que quiere poder.;ad_hominem;0
¡Habla de moral y tiene juicios por estafa. ¿Y así quiere gobernar?;ad_hominem;0
No sabe hablar y quiere gobernar el país. ¿Y así quiere gobernar?;ad_hominem;0
Ese señor se cree revolucionario y no sabe ni limpiar su casa.;ad_hominem;0
Su única experiencia es mentir en televisión.;ad_hominem;0
¡Es tan inútil como sus ideas trasnochadas.;ad_hominem;0
¡Ese señor se cree revolucionario y no sabe ni limpiar su casa.;ad_hominem;0
Ella es una influencer venida a menos que quiere poder. ¿Y así quiere gobernar?;ad_hominem;0
¡Habla como experto pero ni terminó la secundaria. ¿Y así quiere gobernar?;ad_hominem;0
Solo un fanático sin criterio votaría por él.;ad_hominem;0
¡Ese señor se cree revolucionario y no sabe ni limpiar su casa.;ad_hominem;0
¡Es tan incompetente que no puede ni leer sus discursos. ¿Y así quiere gobernar?;ad_hominem;0
¡Solo un ladrón prometería eso sin vergüenza.;ad_hominem;0
Esa señora es una vividora del Estado. ¿Y así quiere gobernar?;ad_hominem;0
Solo un ladrón prometería eso sin vergüenza.;ad_hominem;0
Ella es una influencer venida a menos que quiere poder. ¿Y así quiere gobernar?;ad_hominem;0
¡Esa señora es una vividora del Estado. ¿Y así quiere gobernar?;ad_hominem;0
El candidato que ni sabe sumar ya quiere administrar.;ad_hominem;0
¡Ese candidato vive del cuento y nunca trabajó.;ad_hominem;0
Es tan inútil como sus ideas trasnochadas. ¿Y así quiere gobernar?;ad_hominem;0
Es tan incompetente que no puede ni leer sus discursos. ¿Y así quiere gobernar?;ad_hominem;0
Es tan inútil como sus ideas trasnochadas. ¿Y así quiere gobernar?;ad_hominem;0
Con esa cara de corrupto quiere hablar de transparencia. ¿Y así quiere gobernar?;ad_hominem;0
¡No sabe hablar y quiere gobernar el país. ¿Y así quiere gobernar?;ad_hominem;0
No sabe hablar y quiere gobernar el país. ¿Y así quiere gobernar?;ad_hominem;0
Solo un ladrón prometería eso sin vergüenza. ¿Y así quiere gobernar?;ad_hominem;0
Solo un corrupto defendería esa postura.;ad_hominem;0
Dice que lucha por el pueblo y vive en Miami.;ad_hominem;0
Ese tipo es un dinosaurio político sin cerebro.;ad_hominem;0
Solo un fanático sin criterio votaría por él.;ad_hominem;0
Con esa cara de corrupto quiere hablar de transparencia.;ad_hominem;0
Ese tipo es un dinosaurio político sin cerebro. ¿Y así quiere gobernar?;ad_hominem;0
Esa señora es una vividora del Estado. ¿Y así quiere gobernar?;ad_hominem;0
Solo un ladrón prometería eso sin vergüenza.;ad_hominem;0
Ese tipo es un dinosaurio político sin cerebro.;ad_hominem;0
Ese político es un ignorante con micrófono.;ad_hominem;0
Es tan inútil como sus ideas trasnochadas.;ad_hominem;0
¡No sabe hablar y quiere gobernar el país. ¿Y así quiere gobernar?;ad_hominem;0
Es tan inútil como sus ideas trasnochadas. ¿Y así quiere gobernar?;ad_hominem;0
Dice que lucha por el pueblo y vive en Miami.;ad_hominem;0
Habla de moral y tiene juicios por estafa. ¿Y así quiere gobernar?;ad_hominem;0
Solo un corrupto defendería esa postura.;ad_hominem;0
¡No le da ni para alcalde y quiere ser presidente.;ad_hominem;0
Ese candidato vive del cuento y nunca trabajó.;ad_hominem;0
Tiene menos ideas que un loro y más ambición que un banquero. ¿Y así quiere gobernar?;ad_hominem;0
¡Es tan incompetente que no puede ni leer sus discursos.;ad_hominem;0
¡Solo un corrupto defendería esa postura. ¿Y así quiere gobernar?;ad_hominem;0
Es tan incompetente que no puede ni leer sus discursos.;ad_hominem;0
El candidato que ni sabe sumar ya quiere administrar.;ad_hominem;0
Es tan inútil como sus ideas trasnochadas. ¿Y así quiere gobernar?;ad_hominem;0
Ese señor se cree revolucionario y no sabe ni limpiar su casa. ¿Y así quiere gobernar?;ad_hominem;0
Dice que lucha por el pueblo y vive en Miami. ¿Y así quiere gobernar?;ad_hominem;0
No sabe hablar y quiere gobernar el país. ¿Y así quiere gobernar?;ad_hominem;0
Es tan incompetente que no puede ni leer sus discursos.;ad_hominem;0
Solo un corrupto defendería esa postura.;ad_hominem;0
Ese tipo es un dinosaurio político sin cerebro.;ad_hominem;0
Solo un fanático sin criterio votaría por él. ¿Y así quiere gobernar?;ad_hominem;0
¡Solo un ladrón prometería eso sin vergüenza.;ad_hominem;0
Solo un corrupto defendería esa postura. ¿Y así quiere gobernar?;ad_hominem;0
Ese candidato vive del cuento y nunca trabajó. ¿Y así quiere gobernar?;ad_hominem;0
Habla como experto pero ni terminó la secundaria. ¿Y así quiere gobernar?;ad_hominem;0
¡Dice que lucha por el pueblo y vive en Miami. ¿Y así quiere gobernar?;ad_hominem;0
Tiene menos ideas que un loro y más ambición que un banquero. ¿Y así quiere gobernar?;ad_hominem;0
¡Es tan inútil como sus ideas trasnochadas.;ad_hominem;0
¡Habla como experto pero ni terminó la secundaria.;ad_hominem;0
¡Su única experiencia es mentir en televisión. ¿Y así quiere gobernar?;ad_hominem;0
Tiene menos ideas que un loro y más ambición que un banquero.;ad_hominem;0
¡No sabe hablar y quiere gobernar el país. ¿Y así quiere gobernar?;ad_hominem;0
Habla de moral y tiene juicios por estafa.;ad_hominem;0
Es tan incompetente que no puede ni leer sus discursos. ¿Y así quiere gobernar?;ad_hominem;0
Habla como experto pero ni terminó la secundaria. ¿Y así quiere gobernar?;ad_hominem;0
Su única experiencia es mentir en televisión. ¿Y así quiere gobernar?;ad_hominem;0
¡Con esa cara de corrupto quiere hablar de transparencia. ¿Y así quiere gobernar?;ad_hominem;0
Ese político es un ignorante con micrófono. ¿Y así quiere gobernar?;ad_hominem;0
Ese candidato vive del cuento y nunca trabajó. ¿Y así quiere gobernar?;ad_hominem;0
¡Habla como experto pero ni terminó la secundaria.;ad_hominem;0
¡Con esa cara de corrupto quiere hablar de transparencia. ¿Y así quiere gobernar?;ad_hominem;0
¡No le da ni para alcalde y quiere ser presidente.;ad_hominem;0
¡Solo un ladrón prometería eso sin vergüenza.;ad_hominem;0
Tiene menos ideas que un loro y más ambición que un banquero.;ad_hominem;0
¡Ese señor se cree revolucionario y no sabe ni limpiar su casa. ¿Y así quiere gobernar?;ad_hominem;0
¡Solo un fanático sin criterio votaría por él. ¿Y así quiere gobernar?;ad_hominem;0
¡Es tan inútil como sus ideas trasnochadas. ¿Y así quiere gobernar?;ad_hominem;0
¡No le da ni para alcalde y quiere ser presidente.;ad_hominem;0
Solo un corrupto defendería esa postura.;ad_hominem;0
Con esa cara de corrupto quiere hablar de transparencia. ¿Y así quiere gobernar?;ad_hominem;0
No le da ni para alcalde y quiere ser presidente.;ad_hominem;0
¡No le da ni para alcalde y quiere ser presidente.;ad_hominem;0
¡Solo un corrupto defendería esa postura.;ad_hominem;0
Esa señora es una vividora del Estado.;ad_hominem;0
Es tan inútil como sus ideas trasnochadas.;ad_hominem;0
Su única experiencia es mentir en televisión. ¿Y así quiere gobernar?;ad_hominem;0
Es tan incompetente que no puede ni leer sus discursos. ¿Y así quiere gobernar?;ad_hominem;0
Su única experiencia es mentir en televisión.;ad_hominem;0
Ese tipo es un dinosaurio político sin cerebro. ¿Y así quiere gobernar?;ad_hominem;0
¡Con esa cara de corrupto quiere hablar de transparencia.;ad_hominem;0
Esa señora es una vividora del Estado.;ad_hominem;0
¡No sabe hablar y quiere gobernar el país. ¿Y así quiere gobernar?;ad_hominem;0
Ese político es un ignorante con micrófono.;ad_hominem;0
Ella es una influencer venida a menos que quiere poder. ¿Y así quiere gobernar?;ad_hominem;0
Dice que lucha por el pueblo y vive en Miami.;ad_hominem;0
Solo un corrupto defendería esa postura. ¿Y así quiere gobernar?;ad_hominem;0
¡Solo un fanático sin criterio votaría por él.;ad_hominem;0
Ese político es un ignorante con micrófono.;ad_hominem;0
Ese señor se cree revolucionario y no sabe ni limpiar su casa.;ad_hominem;0
Es tan inútil como sus ideas trasnochadas.;ad_hominem;0
¡El candidato que ni sabe sumar ya quiere administrar.;ad_hominem;0
Ella es una influencer venida a menos que quiere poder. ¿Y así quiere gobernar?;ad_hominem;0
Habla de moral y tiene juicios por estafa. ¿Y así quiere gobernar?;ad_hominem;0
¡Ella es una influencer venida a menos que quiere poder. ¿Y así quiere gobernar?;ad_hominem;0
Habla de moral y tiene juicios por estafa. ¿Y así quiere gobernar?;ad_hominem;0
Habla de moral y tiene juicios por estafa.;ad_hominem;0
¡Ese tipo es un dinosaurio político sin cerebro. ¿Y así quiere gobernar?;ad_hominem;0
Con esa cara de corrupto quiere hablar de transparencia. ¿Y así quiere gobernar?;ad_hominem;0
Solo un fanático sin criterio votaría por él.;ad_hominem;0
Solo un fanático sin criterio votaría por él.;ad_hominem;0
¡Ese político es un ignorante con micrófono.;ad_hominem;0
¡No sabe hablar y quiere gobernar el país.;ad_hominem;0
¡Ese candidato vive del cuento y nunca trabajó.;ad_hominem;0
Esa señora es una vividora del Estado.;ad_hominem;0
¡Ese señor se cree revolucionario y no sabe ni limpiar su casa. ¿Y así quiere gobernar?;ad_hominem;0
Habla como experto pero ni terminó la secundaria.;ad_hominem;0
Ese señor se cree revolucionario y no sabe ni limpiar su casa. ¿Y así quiere gobernar?;ad_hominem;0
No le da ni para alcalde y quiere ser presidente. ¿Y así quiere gobernar?;ad_hominem;0
¡Ese político es un ignorante con micrófono. ¿Y así quiere gobernar?;ad_hominem;0
El candidato que ni sabe sumar ya quiere administrar. ¿Y así quiere gobernar?;ad_hominem;0
Ese tipo es un dinosaurio político sin cerebro. ¿Y así quiere gobernar?;ad_hominem;0
¡Ella es una influencer venida a menos que quiere poder. ¿Y así quiere gobernar?;ad_hominem;0
¡Esa señora es una vividora del Estado.;ad_hominem;0
¡Es tan incompetente que no puede ni leer sus discursos. ¿Y así quiere gobernar?;ad_hominem;0
Ella es una influencer venida a menos que quiere poder. ¿Y así quiere gobernar?;ad_hominem;0
Habla como experto pero ni terminó la secundaria.;ad_hominem;0
Solo un corrupto defendería esa postura.;ad_hominem;0
Solo un corrupto defendería esa postura. ¿Y así quiere gobernar?;ad_hominem;0
¡Es tan incompetente que no puede ni leer sus discursos.;ad_hominem;0
Su única experiencia es mentir en televisión. ¿Y así quiere gobernar?;ad_hominem;0
¡Esa señora es una vividora del Estado. ¿Y así quiere gobernar?;ad_hominem;0
Ese candidato vive del cuento y nunca trabajó. ¿Y así quiere gobernar?;ad_hominem;0
¡Ese político es un ignorante con micrófono. ¿Y así quiere gobernar?;ad_hominem;0
¡El candidato que ni sabe sumar ya quiere administrar.;ad_hominem;0
Ese candidato vive del cuento y nunca trabajó.;ad_hominem;0
¡No le da ni para alcalde y quiere ser presidente. ¿Y así quiere gobernar?;ad_hominem;0
¡Ese candidato vive del cuento y nunca trabajó.;ad_hominem;0
Dice que lucha por el pueblo y vive en Miami. ¿Y así quiere gobernar?;ad_hominem;0
El candidato que ni sabe sumar ya quiere administrar.;ad_hominem;0
Solo un ladrón prometería eso sin vergüenza.;ad_hominem;0
Habla de moral y tiene juicios por estafa.;ad_hominem;0
Ese político es un ignorante con micrófono.;ad_hominem;0
Tiene menos ideas que un loro y más ambición que un banquero. ¿Y así quiere gobernar?;ad_hominem;0
Ese tipo es un dinosaurio político sin cerebro.;ad_hominem;0
Solo un fanático sin criterio votaría por él.;ad_hominem;0
Ella es una influencer venida a menos que quiere poder.;ad_hominem;0
Ella es una influencer venida a menos que quiere poder. ¿Y así quiere gobernar?;ad_hominem;0
¡Ese candidato vive del cuento y nunca trabajó. ¿Y así quiere gobernar?;ad_hominem;0
Dice que lucha por el pueblo y vive en Miami.;ad_hominem;0
No sabe hablar y quiere gobernar el país. ¿Y así quiere gobernar?;ad_hominem;0
Ese candidato vive del cuento y nunca trabajó. ¿Y así quiere gobernar?;ad_hominem;0
¡Es tan incompetente que no puede ni leer sus discursos.;ad_hominem;0
Ellos siempre roban, nosotros trabajamos.;framing_binario;1
Ellos siempre roban, nosotros trabajamos. ¡Y aún nos llaman violentos!;framing_binario;1
Ellos siempre roban, nosotros trabajamos. y siguen negándolo todo.;framing_binario;1
Ellos siempre roban, nosotros trabajamos. pero el pueblo no olvida.;framing_binario;1
Ellos siempre roban, nosotros trabajamos. y esa es la verdadera lucha.;framing_binario;1
Ellos siempre roban, nosotros trabajamos. mientras la historia los juzga.;framing_binario;1
Ellos siempre roban, nosotros trabajamos. y lo gritan las calles.;framing_binario;1
Ellos siempre roban, nosotros trabajamos. aunque ellos tengan el poder.;framing_binario;1
Ellos siempre roban, nosotros trabajamos. y así nos quieren callar.;framing_binario;1
Ellos siempre roban, nosotros trabajamos. porque la verdad incomoda.;framing_binario;1
Mientras el pueblo sufre, la élite se enriquece.;framing_binario;1
Mientras el pueblo sufre, la élite se enriquece. ¡Y aún nos llaman violentos!;framing_binario;1
Mientras el pueblo sufre, la élite se enriquece. y siguen negándolo todo.;framing_binario;1
Mientras el pueblo sufre, la élite se enriquece. pero el pueblo no olvida.;framing_binario;1
Mientras el pueblo sufre, la élite se enriquece. y esa es la verdadera lucha.;framing_binario;1
Mientras el pueblo sufre, la élite se enriquece. mientras la historia los juzga.;framing_binario;1
Mientras el pueblo sufre, la élite se enriquece. y lo gritan las calles.;framing_binario;1
Mientras el pueblo sufre, la élite se enriquece. aunque ellos tengan el poder.;framing_binario;1
Mientras el pueblo sufre, la élite se enriquece. y así nos quieren callar.;framing_binario;1
Mientras el pueblo sufre, la élite se enriquece. porque la verdad incomoda.;framing_binario;1
Nosotros ponemos el hombro, ellos ponen obstáculos.;framing_binario;1
Nosotros ponemos el hombro, ellos ponen obstáculos. ¡Y aún nos llaman violentos!;framing_binario;1
Nosotros ponemos el hombro, ellos ponen obstáculos. y siguen negándolo todo.;framing_binario;1
Nosotros ponemos el hombro, ellos ponen obstáculos. pero el pueblo no olvida.;framing_binario;1
Nosotros ponemos el hombro, ellos ponen obstáculos. y esa es la verdadera lucha.;framing_binario;1
Nosotros ponemos el hombro, ellos ponen obstáculos. mientras la historia los juzga.;framing_binario;1
Nosotros ponemos el hombro, ellos ponen obstáculos. y lo gritan las calles.;framing_binario;1
Nosotros ponemos el hombro, ellos ponen obstáculos. aunque ellos tengan el poder.;framing_binario;1
Nosotros ponemos el hombro, ellos ponen obstáculos. y así nos quieren callar.;framing_binario;1
Nosotros ponemos el hombro, ellos ponen obstáculos. porque la verdad incomoda.;framing_binario;1
La calle resiste, el Congreso obedece.;framing_binario;1
La calle resiste, el Congreso obedece. ¡Y aún nos llaman violentos!;framing_binario;1
La calle resiste, el Congreso obedece. y siguen negándolo todo.;framing_binario;1
La calle resiste, el Congreso obedece. pero el pueblo no olvida.;framing_binario;1
La calle resiste, el Congreso obedece. y esa es la verdadera lucha.;framing_binario;1
La calle resiste, el Congreso obedece. mientras la historia los juzga.;framing_binario;1
La calle resiste, el Congreso obedece. y lo gritan las calles.;framing_binario;1
La calle resiste, el Congreso obedece. aunque ellos tengan el poder.;framing_binario;1
La calle resiste, el Congreso obedece. y así nos quieren callar.;framing_binario;1
La calle resiste, el Congreso obedece. porque la verdad incomoda.;framing_binario;1
Ellos gobiernan desde sus mansiones, nosotros desde la necesidad.;framing_binario;1
Ellos gobiernan desde sus mansiones, nosotros desde la necesidad. ¡Y aún nos llaman violentos!;framing_binario;1
Ellos gobiernan desde sus mansiones, nosotros desde la necesidad. y siguen negándolo todo.;framing_binario;1
Ellos gobiernan desde sus mansiones, nosotros desde la necesidad. pero el pueblo no olvida.;framing_binario;1
Ellos gobiernan desde sus mansiones, nosotros desde la necesidad. y esa es la verdadera lucha.;framing_binario;1
Ellos gobiernan desde sus mansiones, nosotros desde la necesidad. mientras la historia los juzga.;framing_binario;1
Ellos gobiernan desde sus mansiones, nosotros desde la necesidad. y lo gritan las calles.;framing_binario;1
Ellos gobiernan desde sus mansiones, nosotros desde la necesidad. aunque ellos tengan el poder.;framing_binario;1
Ellos gobiernan desde sus mansiones, nosotros desde la necesidad. y así nos quieren callar.;framing_binario;1
Ellos gobiernan desde sus mansiones, nosotros desde la necesidad. porque la verdad incomoda.;framing_binario;1
Pueblo valiente contra oligarquía corrupta.;framing_binario;1
Pueblo valiente contra oligarquía corrupta. ¡Y aún nos llaman violentos!;framing_binario;1
Pueblo valiente contra oligarquía corrupta. y siguen negándolo todo.;framing_binario;1
Pueblo valiente contra oligarquía corrupta. pero el pueblo no olvida.;framing_binario;1
Pueblo valiente contra oligarquía corrupta. y esa es la verdadera lucha.;framing_binario;1
Pueblo valiente contra oligarquía corrupta. mientras la historia los juzga.;framing_binario;1
Pueblo valiente contra oligarquía corrupta. y lo gritan las calles.;framing_binario;1
Pueblo valiente contra oligarquía corrupta. aunque ellos tengan el poder.;framing_binario;1
Pueblo valiente contra oligarquía corrupta. y así nos quieren callar.;framing_binario;1
Pueblo valiente contra oligarquía corrupta. porque la verdad incomoda.;framing_binario;1
Nos llaman ignorantes porque no somos como ellos.;framing_binario;1
Nos llaman ignorantes porque no somos como ellos. ¡Y aún nos llaman violentos!;framing_binario;1
Nos llaman ignorantes porque no somos como ellos. y siguen negándolo todo.;framing_binario;1
Nos llaman ignorantes porque no somos como ellos. pero el pueblo no olvida.;framing_binario;1
Nos llaman ignorantes porque no somos como ellos. y esa es la verdadera lucha.;framing_binario;1
Nos llaman ignorantes porque no somos como ellos. mientras la historia los juzga.;framing_binario;1
Nos llaman ignorantes porque no somos como ellos. y lo gritan las calles.;framing_binario;1
Nos llaman ignorantes porque no somos como ellos. aunque ellos tengan el poder.;framing_binario;1
Nos llaman ignorantes porque no somos como ellos. y así nos quieren callar.;framing_binario;1
Nos llaman ignorantes porque no somos como ellos. porque la verdad incomoda.;framing_binario;1
Ellos tienen medios, nosotros tenemos verdad.;framing_binario;1
Ellos tienen medios, nosotros tenemos verdad. ¡Y aún nos llaman violentos!;framing_binario;1
Ellos tienen medios, nosotros tenemos verdad. y siguen negándolo todo.;framing_binario;1
Ellos tienen medios, nosotros tenemos verdad. pero el pueblo no olvida.;framing_binario;1
Ellos tienen medios, nosotros tenemos verdad. y esa es la verdadera lucha.;framing_binario;1
Ellos tienen medios, nosotros tenemos verdad. mientras la historia los juzga.;framing_binario;1
Ellos tienen medios, nosotros tenemos verdad. y lo gritan las calles.;framing_binario;1
Ellos tienen medios, nosotros tenemos verdad. aunque ellos tengan el poder.;framing_binario;1
Ellos tienen medios, nosotros tenemos verdad. y así nos quieren callar.;framing_binario;1
Ellos tienen medios, nosotros tenemos verdad. porque la verdad incomoda.;framing_binario;1
El poder de ellos, el dolor de nosotros.;framing_binario;1
El poder de ellos, el dolor de nosotros. ¡Y aún nos llaman violentos!;framing_binario;1
El poder de ellos, el dolor de nosotros. y siguen negándolo todo.;framing_binario;1
El poder de ellos, el dolor de nosotros. pero el pueblo no olvida.;framing_binario;1
El poder de ellos, el dolor de nosotros. y esa es la verdadera lucha.;framing_binario;1
El poder de ellos, el dolor de nosotros. mientras la historia los juzga.;framing_binario;1
El poder de ellos, el dolor de nosotros. y lo gritan las calles.;framing_binario;1
El poder de ellos, el dolor de nosotros. aunque ellos tengan el poder.;framing_binario;1
El poder de ellos, el dolor de nosotros. y así nos quieren callar.;framing_binario;1
El poder de ellos, el dolor de nosotros. porque la verdad incomoda.;framing_binario;1
Ellos legislan para ricos, nosotros luchamos por justicia.;framing_binario;1
Ellos legislan para ricos, nosotros luchamos por justicia. ¡Y aún nos llaman violentos!;framing_binario;1
Ellos legislan para ricos, nosotros luchamos por justicia. y siguen negándolo todo.;framing_binario;1
Ellos legislan para ricos, nosotros luchamos por justicia. pero el pueblo no olvida.;framing_binario;1
Ellos legislan para ricos, nosotros luchamos por justicia. y esa es la verdadera lucha.;framing_binario;1
Ellos legislan para ricos, nosotros luchamos por justicia. mientras la historia los juzga.;framing_binario;1
Ellos legislan para ricos, nosotros luchamos por justicia. y lo gritan las calles.;framing_binario;1
Ellos legislan para ricos, nosotros luchamos por justicia. aunque ellos tengan el poder.;framing_binario;1
Ellos legislan para ricos, nosotros luchamos por justicia. y así nos quieren callar.;framing_binario;1
Ellos legislan para ricos, nosotros luchamos por justicia. porque la verdad incomoda.;framing_binario;1
Ellos reparten cargos, nosotros comida.;framing_binario;1
Ellos reparten cargos, nosotros comida. ¡Y aún nos llaman violentos!;framing_binario;1
Ellos reparten cargos, nosotros comida. y siguen negándolo todo.;framing_binario;1
Ellos reparten cargos, nosotros comida. pero el pueblo no olvida.;framing_binario;1
Ellos reparten cargos, nosotros comida. y esa es la verdadera lucha.;framing_binario;1
Ellos reparten cargos, nosotros comida. mientras la historia los juzga.;framing_binario;1
Ellos reparten cargos, nosotros comida. y lo gritan las calles.;framing_binario;1
Ellos reparten cargos, nosotros comida. aunque ellos tengan el poder.;framing_binario;1
Ellos reparten cargos, nosotros comida. y así nos quieren callar.;framing_binario;1
Ellos reparten cargos, nosotros comida. porque la verdad incomoda.;framing_binario;1
Nos organizamos, ellos conspiran.;framing_binario;1
Nos organizamos, ellos conspiran. ¡Y aún nos llaman violentos!;framing_binario;1
Nos organizamos, ellos conspiran. y siguen negándolo todo.;framing_binario;1
Nos organizamos, ellos conspiran. pero el pueblo no olvida.;framing_binario;1
Nos organizamos, ellos conspiran. y esa es la verdadera lucha.;framing_binario;1
Nos organizamos, ellos conspiran. mientras la historia los juzga.;framing_binario;1
Nos organizamos, ellos conspiran. y lo gritan las calles.;framing_binario;1
Nos organizamos, ellos conspiran. aunque ellos tengan el poder.;framing_binario;1
Nos organizamos, ellos conspiran. y así nos quieren callar.;framing_binario;1
Nos organizamos, ellos conspiran. porque la verdad incomoda.;framing_binario;1
Nosotros pedimos derechos, ellos nos llaman revoltosos.;framing_binario;1
Nosotros pedimos derechos, ellos nos llaman revoltosos. ¡Y aún nos llaman violentos!;framing_binario;1
Nosotros pedimos derechos, ellos nos llaman revoltosos. y siguen negándolo todo.;framing_binario;1
Nosotros pedimos derechos, ellos nos llaman revoltosos. pero el pueblo no olvida.;framing_binario;1
Nosotros pedimos derechos, ellos nos llaman revoltosos. y esa es la verdadera lucha.;framing_binario;1
Nosotros pedimos derechos, ellos nos llaman revoltosos. mientras la historia los juzga.;framing_binario;1
Nosotros pedimos derechos, ellos nos llaman revoltosos. y lo gritan las calles.;framing_binario;1
Nosotros pedimos derechos, ellos nos llaman revoltosos. aunque ellos tengan el poder.;framing_binario;1
Nosotros pedimos derechos, ellos nos llaman revoltosos. y así nos quieren callar.;framing_binario;1
Nosotros pedimos derechos, ellos nos llaman revoltosos. porque la verdad incomoda.;framing_binario;1
Mientras ellos viajan, el pueblo aguanta hambre.;framing_binario;1
Mientras ellos viajan, el pueblo aguanta hambre. ¡Y aún nos llaman violentos!;framing_binario;1
Mientras ellos viajan, el pueblo aguanta hambre. y siguen negándolo todo.;framing_binario;1
Mientras ellos viajan, el pueblo aguanta hambre. pero el pueblo no olvida.;framing_binario;1
Mientras ellos viajan, el pueblo aguanta hambre. y esa es la verdadera lucha.;framing_binario;1
Mientras ellos viajan, el pueblo aguanta hambre. mientras la historia los juzga.;framing_binario;1
Mientras ellos viajan, el pueblo aguanta hambre. y lo gritan las calles.;framing_binario;1
Mientras ellos viajan, el pueblo aguanta hambre. aunque ellos tengan el poder.;framing_binario;1
Mientras ellos viajan, el pueblo aguanta hambre. y así nos quieren callar.;framing_binario;1
Mientras ellos viajan, el pueblo aguanta hambre. porque la verdad incomoda.;framing_binario;1
Ellos tienen bancos, nosotros mercados.;framing_binario;1
Ellos tienen bancos, nosotros mercados. ¡Y aún nos llaman violentos!;framing_binario;1
Ellos tienen bancos, nosotros mercados. y siguen negándolo todo.;framing_binario;1
Ellos tienen bancos, nosotros mercados. pero el pueblo no olvida.;framing_binario;1
Ellos tienen bancos, nosotros mercados. y esa es la verdadera lucha.;framing_binario;1
Ellos tienen bancos, nosotros mercados. mientras la historia los juzga.;framing_binario;1
Ellos tienen bancos, nosotros mercados. y lo gritan las calles.;framing_binario;1
Ellos tienen bancos, nosotros mercados. aunque ellos tengan el poder.;framing_binario;1
Ellos tienen bancos, nosotros mercados. y así nos quieren callar.;framing_binario;1
Ellos tienen bancos, nosotros mercados. porque la verdad incomoda.;framing_binario;1
La patria no es de ellos, es del pueblo.;framing_binario;1
La patria no es de ellos, es del pueblo. ¡Y aún nos llaman violentos!;framing_binario;1
La patria no es de ellos, es del pueblo. y siguen negándolo todo.;framing_binario;1
La patria no es de ellos, es del pueblo. pero el pueblo no olvida.;framing_binario;1
La patria no es de ellos, es del pueblo. y esa es la verdadera lucha.;framing_binario;1
La patria no es de ellos, es del pueblo. mientras la historia los juzga.;framing_binario;1
La patria no es de ellos, es del pueblo. y lo gritan las calles.;framing_binario;1
La patria no es de ellos, es del pueblo. aunque ellos tengan el poder.;framing_binario;1
La patria no es de ellos, es del pueblo. y así nos quieren callar.;framing_binario;1
La patria no es de ellos, es del pueblo. porque la verdad incomoda.;framing_binario;1
Nos tratan como enemigos por exigir justicia.;framing_binario;1
Nos tratan como enemigos por exigir justicia. ¡Y aún nos llaman violentos!;framing_binario;1
Nos tratan como enemigos por exigir justicia. y siguen negándolo todo.;framing_binario;1
Nos tratan como enemigos por exigir justicia. pero el pueblo no olvida.;framing_binario;1
Nos tratan como enemigos por exigir justicia. y esa es la verdadera lucha.;framing_binario;1
Nos tratan como enemigos por exigir justicia. mientras la historia los juzga.;framing_binario;1
Nos tratan como enemigos por exigir justicia. y lo gritan las calles.;framing_binario;1
Nos tratan como enemigos por exigir justicia. aunque ellos tengan el poder.;framing_binario;1
Nos tratan como enemigos por exigir justicia. y así nos quieren callar.;framing_binario;1
Nos tratan como enemigos por exigir justicia. porque la verdad incomoda.;framing_binario;1
Ellos tienen aviones, nosotros cicatrices.;framing_binario;1
Ellos tienen aviones, nosotros cicatrices. ¡Y aún nos llaman violentos!;framing_binario;1
Ellos tienen aviones, nosotros cicatrices. y siguen negándolo todo.;framing_binario;1
Ellos tienen aviones, nosotros cicatrices. pero el pueblo no olvida.;framing_binario;1
Ellos tienen aviones, nosotros cicatrices. y esa es la verdadera lucha.;framing_binario;1
Ellos tienen aviones, nosotros cicatrices. mientras la historia los juzga.;framing_binario;1
Ellos tienen aviones, nosotros cicatrices. y lo gritan las calles.;framing_binario;1
Ellos tienen aviones, nosotros cicatrices. aunque ellos tengan el poder.;framing_binario;1
Ellos tienen aviones, nosotros cicatrices. y así nos quieren callar.;framing_binario;1
Ellos tienen aviones, nosotros cicatrices. porque la verdad incomoda.;framing_binario;1
El pueblo sangra, ellos se lavan las manos.;framing_binario;1
El pueblo sangra, ellos se lavan las manos. ¡Y aún nos llaman violentos!;framing_binario;1
El pueblo sangra, ellos se lavan las manos. y siguen negándolo todo.;framing_binario;1
El pueblo sangra, ellos se lavan las manos. pero el pueblo no olvida.;framing_binario;1
El pueblo sangra, ellos se lavan las manos. y esa es la verdadera lucha.;framing_binario;1
El pueblo sangra, ellos se lavan las manos. mientras la historia los juzga.;framing_binario;1
El pueblo sangra, ellos se lavan las manos. y lo gritan las calles.;framing_binario;1
El pueblo sangra, ellos se lavan las manos. aunque ellos tengan el poder.;framing_binario;1
El pueblo sangra, ellos se lavan las manos. y así nos quieren callar.;framing_binario;1
El pueblo sangra, ellos se lavan las manos. porque la verdad incomoda.;framing_binario;1
Ellos viven de privilegios, nosotros de esfuerzo.;framing_binario;1
Ellos viven de privilegios, nosotros de esfuerzo. ¡Y aún nos llaman violentos!;framing_binario;1
Ellos viven de privilegios, nosotros de esfuerzo. y siguen negándolo todo.;framing_binario;1
Ellos viven de privilegios, nosotros de esfuerzo. pero el pueblo no olvida.;framing_binario;1
Ellos viven de privilegios, nosotros de esfuerzo. y esa es la verdadera lucha.;framing_binario;1
Ellos viven de privilegios, nosotros de esfuerzo. mientras la historia los juzga.;framing_binario;1
Ellos viven de privilegios, nosotros de esfuerzo. y lo gritan las calles.;framing_binario;1
Ellos viven de privilegios, nosotros de esfuerzo. aunque ellos tengan el poder.;framing_binario;1
Ellos viven de privilegios, nosotros de esfuerzo. y así nos quieren callar.;framing_binario;1
Ellos viven de privilegios, nosotros de esfuerzo. porque la verdad incomoda.;framing_binario;1
Según la ley N° 30710, eso es inconstitucional.;logos;2
Según la ley N° 30710, eso es inconstitucional.. Eso no se puede ignorar.;logos;2
Según la ley N° 30710, eso es inconstitucional.. Está en los registros públicos.;logos;2
Según la ley N° 30710, eso es inconstitucional.. Basta revisar las fuentes.;logos;2
Según la ley N° 30710, eso es inconstitucional.. No es una percepción, es un hecho.;logos;2
Según la ley N° 30710, eso es inconstitucional.. Ese dato es verificable.;logos;2
Según la ley N° 30710, eso es inconstitucional.. Lo confirma la jurisprudencia.;logos;2
Según la ley N° 30710, eso es inconstitucional.. Y eso lo respalda la evidencia.;logos;2
Según la ley N° 30710, eso es inconstitucional.. Es cuestión de revisar el archivo.;logos;2
Según la ley N° 30710, eso es inconstitucional.. Así lo demuestra la auditoría.;logos;2
Las estadísticas muestran un incremento del 45%.;logos;2
Las estadísticas muestran un incremento del 45%.. Eso no se puede ignorar.;logos;2
Las estadísticas muestran un incremento del 45%.. Está en los registros públicos.;logos;2
Las estadísticas muestran un incremento del 45%.. Basta revisar las fuentes.;logos;2
Las estadísticas muestran un incremento del 45%.. No es una percepción, es un hecho.;logos;2
Las estadísticas muestran un incremento del 45%.. Ese dato es verificable.;logos;2
Las estadísticas muestran un incremento del 45%.. Lo confirma la jurisprudencia.;logos;2
Las estadísticas muestran un incremento del 45%.. Y eso lo respalda la evidencia.;logos;2
Las estadísticas muestran un incremento del 45%.. Es cuestión de revisar el archivo.;logos;2
Las estadísticas muestran un incremento del 45%.. Así lo demuestra la auditoría.;logos;2
De acuerdo a la Defensoría, hubo más de 30 vulneraciones.;logos;2
De acuerdo a la Defensoría, hubo más de 30 vulneraciones.. Eso no se puede ignorar.;logos;2
De acuerdo a la Defensoría, hubo más de 30 vulneraciones.. Está en los registros públicos.;logos;2
De acuerdo a la Defensoría, hubo más de 30 vulneraciones.. Basta revisar las fuentes.;logos;2
De acuerdo a la Defensoría, hubo más de 30 vulneraciones.. No es una percepción, es un hecho.;logos;2
De acuerdo a la Defensoría, hubo más de 30 vulneraciones.. Ese dato es verificable.;logos;2
De acuerdo a la Defensoría, hubo más de 30 vulneraciones.. Lo confirma la jurisprudencia.;logos;2
De acuerdo a la Defensoría, hubo más de 30 vulneraciones.. Y eso lo respalda la evidencia.;logos;2
De acuerdo a la Defensoría, hubo más de 30 vulneraciones.. Es cuestión de revisar el archivo.;logos;2
De acuerdo a la Defensoría, hubo más de 30 vulneraciones.. Así lo demuestra la auditoría.;logos;2
Está documentado en el informe del Ministerio de Economía.;logos;2
Está documentado en el informe del Ministerio de Economía.. Eso no se puede ignorar.;logos;2
Está documentado en el informe del Ministerio de Economía.. Está en los registros públicos.;logos;2
Está documentado en el informe del Ministerio de Economía.. Basta revisar las fuentes.;logos;2
Está documentado en el informe del Ministerio de Economía.. No es una percepción, es un hecho.;logos;2
Está documentado en el informe del Ministerio de Economía.. Ese dato es verificable.;logos;2
Está documentado en el informe del Ministerio de Economía.. Lo confirma la jurisprudencia.;logos;2
Está documentado en el informe del Ministerio de Economía.. Y eso lo respalda la evidencia.;logos;2
Está documentado en el informe del Ministerio de Economía.. Es cuestión de revisar el archivo.;logos;2
Está documentado en el informe del Ministerio de Economía.. Así lo demuestra la auditoría.;logos;2
Los datos del INEI respaldan este argumento.;logos;2
Los datos del INEI respaldan este argumento.. Eso no se puede ignorar.;logos;2
Los datos del INEI respaldan este argumento.. Está en los registros públicos.;logos;2
Los datos del INEI respaldan este argumento.. Basta revisar las fuentes.;logos;2
Los datos del INEI respaldan este argumento.. No es una percepción, es un hecho.;logos;2
Los datos del INEI respaldan este argumento.. Ese dato es verificable.;logos;2
Los datos del INEI respaldan este argumento.. Lo confirma la jurisprudencia.;logos;2
Los datos del INEI respaldan este argumento.. Y eso lo respalda la evidencia.;logos;2
Los datos del INEI respaldan este argumento.. Es cuestión de revisar el archivo.;logos;2
Los datos del INEI respaldan este argumento.. Así lo demuestra la auditoría.;logos;2
Diversos estudios han probado que esto no funciona.;logos;2
Diversos estudios han probado que esto no funciona.. Eso no se puede ignorar.;logos;2
Diversos estudios han probado que esto no funciona.. Está en los registros públicos.;logos;2
Diversos estudios han probado que esto no funciona.. Basta revisar las fuentes.;logos;2
Diversos estudios han probado que esto no funciona.. No es una percepción, es un hecho.;logos;2
Diversos estudios han probado que esto no funciona.. Ese dato es verificable.;logos;2
Diversos estudios han probado que esto no funciona.. Lo confirma la jurisprudencia.;logos;2
Diversos estudios han probado que esto no funciona.. Y eso lo respalda la evidencia.;logos;2
Diversos estudios han probado que esto no funciona.. Es cuestión de revisar el archivo.;logos;2
Diversos estudios han probado que esto no funciona.. Así lo demuestra la auditoría.;logos;2
No es opinión, es evidencia científica.;logos;2
No es opinión, es evidencia científica.. Eso no se puede ignorar.;logos;2
No es opinión, es evidencia científica.. Está en los registros públicos.;logos;2
No es opinión, es evidencia científica.. Basta revisar las fuentes.;logos;2
No es opinión, es evidencia científica.. No es una percepción, es un hecho.;logos;2
No es opinión, es evidencia científica.. Ese dato es verificable.;logos;2
No es opinión, es evidencia científica.. Lo confirma la jurisprudencia.;logos;2
No es opinión, es evidencia científica.. Y eso lo respalda la evidencia.;logos;2
No es opinión, es evidencia científica.. Es cuestión de revisar el archivo.;logos;2
No es opinión, es evidencia científica.. Así lo demuestra la auditoría.;logos;2
El Banco Mundial alertó sobre ese fenómeno hace años.;logos;2
El Banco Mundial alertó sobre ese fenómeno hace años.. Eso no se puede ignorar.;logos;2
El Banco Mundial alertó sobre ese fenómeno hace años.. Está en los registros públicos.;logos;2
El Banco Mundial alertó sobre ese fenómeno hace años.. Basta revisar las fuentes.;logos;2
El Banco Mundial alertó sobre ese fenómeno hace años.. No es una percepción, es un hecho.;logos;2
El Banco Mundial alertó sobre ese fenómeno hace años.. Ese dato es verificable.;logos;2
El Banco Mundial alertó sobre ese fenómeno hace años.. Lo confirma la jurisprudencia.;logos;2
El Banco Mundial alertó sobre ese fenómeno hace años.. Y eso lo respalda la evidencia.;logos;2
El Banco Mundial alertó sobre ese fenómeno hace años.. Es cuestión de revisar el archivo.;logos;2
El Banco Mundial alertó sobre ese fenómeno hace años.. Así lo demuestra la auditoría.;logos;2
La SUNAT ya lo ha reportado varias veces.;logos;2
La SUNAT ya lo ha reportado varias veces.. Eso no se puede ignorar.;logos;2
La SUNAT ya lo ha reportado varias veces.. Está en los registros públicos.;logos;2
La SUNAT ya lo ha reportado varias veces.. Basta revisar las fuentes.;logos;2
La SUNAT ya lo ha reportado varias veces.. No es una percepción, es un hecho.;logos;2
La SUNAT ya lo ha reportado varias veces.. Ese dato es verificable.;logos;2
La SUNAT ya lo ha reportado varias veces.. Lo confirma la jurisprudencia.;logos;2
La SUNAT ya lo ha reportado varias veces.. Y eso lo respalda la evidencia.;logos;2
La SUNAT ya lo ha reportado varias veces.. Es cuestión de revisar el archivo.;logos;2
La SUNAT ya lo ha reportado varias veces.. Así lo demuestra la auditoría.;logos;2
El reglamento 005-2023 lo prohíbe expresamente.;logos;2
El reglamento 005-2023 lo prohíbe expresamente.. Eso no se puede ignorar.;logos;2
El reglamento 005-2023 lo prohíbe expresamente.. Está en los registros públicos.;logos;2
El reglamento 005-2023 lo prohíbe expresamente.. Basta revisar las fuentes.;logos;2
El reglamento 005-2023 lo prohíbe expresamente.. No es una percepción, es un hecho.;logos;2
El reglamento 005-2023 lo prohíbe expresamente.. Ese dato es verificable.;logos;2
El reglamento 005-2023 lo prohíbe expresamente.. Lo confirma la jurisprudencia.;logos;2
El reglamento 005-2023 lo prohíbe expresamente.. Y eso lo respalda la evidencia.;logos;2
El reglamento 005-2023 lo prohíbe expresamente.. Es cuestión de revisar el archivo.;logos;2
El reglamento 005-2023 lo prohíbe expresamente.. Así lo demuestra la auditoría.;logos;2
Eso fue aprobado en el presupuesto nacional.;logos;2
Eso fue aprobado en el presupuesto nacional.. Eso no se puede ignorar.;logos;2
Eso fue aprobado en el presupuesto nacional.. Está en los registros públicos.;logos;2
Eso fue aprobado en el presupuesto nacional.. Basta revisar las fuentes.;logos;2
Eso fue aprobado en el presupuesto nacional.. No es una percepción, es un hecho.;logos;2
Eso fue aprobado en el presupuesto nacional.. Ese dato es verificable.;logos;2
Eso fue aprobado en el presupuesto nacional.. Lo confirma la jurisprudencia.;logos;2
Eso fue aprobado en el presupuesto nacional.. Y eso lo respalda la evidencia.;logos;2
Eso fue aprobado en el presupuesto nacional.. Es cuestión de revisar el archivo.;logos;2
Eso fue aprobado en el presupuesto nacional.. Así lo demuestra la auditoría.;logos;2
El artículo 2 de la Constitución lo garantiza.;logos;2
El artículo 2 de la Constitución lo garantiza.. Eso no se puede ignorar.;logos;2
El artículo 2 de la Constitución lo garantiza.. Está en los registros públicos.;logos;2
El artículo 2 de la Constitución lo garantiza.. Basta revisar las fuentes.;logos;2
El artículo 2 de la Constitución lo garantiza.. No es una percepción, es un hecho.;logos;2
El artículo 2 de la Constitución lo garantiza.. Ese dato es verificable.;logos;2
El artículo 2 de la Constitución lo garantiza.. Lo confirma la jurisprudencia.;logos;2
El artículo 2 de la Constitución lo garantiza.. Y eso lo respalda la evidencia.;logos;2
El artículo 2 de la Constitución lo garantiza.. Es cuestión de revisar el archivo.;logos;2
El artículo 2 de la Constitución lo garantiza.. Así lo demuestra la auditoría.;logos;2
Una investigación del IDL reveló lo mismo.;logos;2
Una investigación del IDL reveló lo mismo.. Eso no se puede ignorar.;logos;2
Una investigación del IDL reveló lo mismo.. Está en los registros públicos.;logos;2
Una investigación del IDL reveló lo mismo.. Basta revisar las fuentes.;logos;2
Una investigación del IDL reveló lo mismo.. No es una percepción, es un hecho.;logos;2
Una investigación del IDL reveló lo mismo.. Ese dato es verificable.;logos;2
Una investigación del IDL reveló lo mismo.. Lo confirma la jurisprudencia.;logos;2
Una investigación del IDL reveló lo mismo.. Y eso lo respalda la evidencia.;logos;2
Una investigación del IDL reveló lo mismo.. Es cuestión de revisar el archivo.;logos;2
Una investigación del IDL reveló lo mismo.. Así lo demuestra la auditoría.;logos;2
Hay pruebas documentales en el expediente 0743.;logos;2
Hay pruebas documentales en el expediente 0743.. Eso no se puede ignorar.;logos;2
Hay pruebas documentales en el expediente 0743.. Está en los registros públicos.;logos;2
Hay pruebas documentales en el expediente 0743.. Basta revisar las fuentes.;logos;2
Hay pruebas documentales en el expediente 0743.. No es una percepción, es un hecho.;logos;2
Hay pruebas documentales en el expediente 0743.. Ese dato es verificable.;logos;2
Hay pruebas documentales en el expediente 0743.. Lo confirma la jurisprudencia.;logos;2
Hay pruebas documentales en el expediente 0743.. Y eso lo respalda la evidencia.;logos;2
Hay pruebas documentales en el expediente 0743.. Es cuestión de revisar el archivo.;logos;2
Hay pruebas documentales en el expediente 0743.. Así lo demuestra la auditoría.;logos;2
Eso contradice el Decreto Supremo vigente.;logos;2
Eso contradice el Decreto Supremo vigente.. Eso no se puede ignorar.;logos;2
Eso contradice el Decreto Supremo vigente.. Está en los registros públicos.;logos;2
Eso contradice el Decreto Supremo vigente.. Basta revisar las fuentes.;logos;2
Eso contradice el Decreto Supremo vigente.. No es una percepción, es un hecho.;logos;2
Eso contradice el Decreto Supremo vigente.. Ese dato es verificable.;logos;2
Eso contradice el Decreto Supremo vigente.. Lo confirma la jurisprudencia.;logos;2
Eso contradice el Decreto Supremo vigente.. Y eso lo respalda la evidencia.;logos;2
Eso contradice el Decreto Supremo vigente.. Es cuestión de revisar el archivo.;logos;2
Eso contradice el Decreto Supremo vigente.. Así lo demuestra la auditoría.;logos;2
La misma Contraloría lo fiscalizó en 2022.;logos;2
La misma Contraloría lo fiscalizó en 2022.. Eso no se puede ignorar.;logos;2
La misma Contraloría lo fiscalizó en 2022.. Está en los registros públicos.;logos;2
La misma Contraloría lo fiscalizó en 2022.. Basta revisar las fuentes.;logos;2
La misma Contraloría lo fiscalizó en 2022.. No es una percepción, es un hecho.;logos;2
La misma Contraloría lo fiscalizó en 2022.. Ese dato es verificable.;logos;2
La misma Contraloría lo fiscalizó en 2022.. Lo confirma la jurisprudencia.;logos;2
La misma Contraloría lo fiscalizó en 2022.. Y eso lo respalda la evidencia.;logos;2
La misma Contraloría lo fiscalizó en 2022.. Es cuestión de revisar el archivo.;logos;2
La misma Contraloría lo fiscalizó en 2022.. Así lo demuestra la auditoría.;logos;2
El informe de la ONU sobre Perú lo menciona.;logos;2
El informe de la ONU sobre Perú lo menciona.. Eso no se puede ignorar.;logos;2
El informe de la ONU sobre Perú lo menciona.. Está en los registros públicos.;logos;2
El informe de la ONU sobre Perú lo menciona.. Basta revisar las fuentes.;logos;2
El informe de la ONU sobre Perú lo menciona.. No es una percepción, es un hecho.;logos;2
El informe de la ONU sobre Perú lo menciona.. Ese dato es verificable.;logos;2
El informe de la ONU sobre Perú lo menciona.. Lo confirma la jurisprudencia.;logos;2
El informe de la ONU sobre Perú lo menciona.. Y eso lo respalda la evidencia.;logos;2
El informe de la ONU sobre Perú lo menciona.. Es cuestión de revisar el archivo.;logos;2
El informe de la ONU sobre Perú lo menciona.. Así lo demuestra la auditoría.;logos;2
Cualquier revisión técnica lo evidenciaría.;logos;2
Cualquier revisión técnica lo evidenciaría.. Eso no se puede ignorar.;logos;2
Cualquier revisión técnica lo evidenciaría.. Está en los registros públicos.;logos;2
Cualquier revisión técnica lo evidenciaría.. Basta revisar las fuentes.;logos;2
Cualquier revisión técnica lo evidenciaría.. No es una percepción, es un hecho.;logos;2
Cualquier revisión técnica lo evidenciaría.. Ese dato es verificable.;logos;2
Cualquier revisión técnica lo evidenciaría.. Lo confirma la jurisprudencia.;logos;2
Cualquier revisión técnica lo evidenciaría.. Y eso lo respalda la evidencia.;logos;2
Cualquier revisión técnica lo evidenciaría.. Es cuestión de revisar el archivo.;logos;2
Cualquier revisión técnica lo evidenciaría.. Así lo demuestra la auditoría.;logos;2
Eso fue citado por la Corte Interamericana.;logos;2
Eso fue citado por la Corte Interamericana.. Eso no se puede ignorar.;logos;2
Eso fue citado por la Corte Interamericana.. Está en los registros públicos.;logos;2
Eso fue citado por la Corte Interamericana.. Basta revisar las fuentes.;logos;2
Eso fue citado por la Corte Interamericana.. No es una percepción, es un hecho.;logos;2
Eso fue citado por la Corte Interamericana.. Ese dato es verificable.;logos;2
Eso fue citado por la Corte Interamericana.. Lo confirma la jurisprudencia.;logos;2
Eso fue citado por la Corte Interamericana.. Y eso lo respalda la evidencia.;logos;2
Eso fue citado por la Corte Interamericana.. Es cuestión de revisar el archivo.;logos;2
Eso fue citado por la Corte Interamericana.. Así lo demuestra la auditoría.;logos;2
La data es clara: el 70% vive en informalidad.;logos;2
La data es clara: el 70% vive en informalidad.. Eso no se puede ignorar.;logos;2
La data es clara: el 70% vive en informalidad.. Está en los registros públicos.;logos;2
La data es clara: el 70% vive en informalidad.. Basta revisar las fuentes.;logos;2
La data es clara: el 70% vive en informalidad.. No es una percepción, es un hecho.;logos;2
La data es clara: el 70% vive en informalidad.. Ese dato es verificable.;logos;2
La data es clara: el 70% vive en informalidad.. Lo confirma la jurisprudencia.;logos;2
La data es clara: el 70% vive en informalidad.. Y eso lo respalda la evidencia.;logos;2
La data es clara: el 70% vive en informalidad.. Es cuestión de revisar el archivo.;logos;2
La data es clara: el 70% vive en informalidad.. Así lo demuestra la auditoría.;logos;2
¡Juntos lo haremos realidad!;vacio;3
¡Juntos lo haremos realidad! ¡Por nuestros hijos!;vacio;3
¡Juntos lo haremos realidad! ¡Con fe y esperanza!;vacio;3
¡Juntos lo haremos realidad! y nadie podrá detenernos.;vacio;3
¡Juntos lo haremos realidad! ¡Arriba los corazones!;vacio;3
¡Juntos lo haremos realidad! porque lo soñamos juntos.;vacio;3
¡Juntos lo haremos realidad! ¡Siempre firmes!;vacio;3
¡Juntos lo haremos realidad! con el corazón en alto.;vacio;3
¡Juntos lo haremos realidad! ¡De la mano del pueblo!;vacio;3
¡Juntos lo haremos realidad! y ese es nuestro camino.;vacio;3
El Perú merece lo mejor.;vacio;3
El Perú merece lo mejor. ¡Por nuestros hijos!;vacio;3
El Perú merece lo mejor. ¡Con fe y esperanza!;vacio;3
El Perú merece lo mejor. y nadie podrá detenernos.;vacio;3
El Perú merece lo mejor. ¡Arriba los corazones!;vacio;3
El Perú merece lo mejor. porque lo soñamos juntos.;vacio;3
El Perú merece lo mejor. ¡Siempre firmes!;vacio;3
El Perú merece lo mejor. con el corazón en alto.;vacio;3
El Perú merece lo mejor. ¡De la mano del pueblo!;vacio;3
El Perú merece lo mejor. y ese es nuestro camino.;vacio;3
Nuestro compromiso es con el pueblo.;vacio;3
Nuestro compromiso es con el pueblo. ¡Por nuestros hijos!;vacio;3
Nuestro compromiso es con el pueblo. ¡Con fe y esperanza!;vacio;3
Nuestro compromiso es con el pueblo. y nadie podrá detenernos.;vacio;3
Nuestro compromiso es con el pueblo. ¡Arriba los corazones!;vacio;3
Nuestro compromiso es con el pueblo. porque lo soñamos juntos.;vacio;3
Nuestro compromiso es con el pueblo. ¡Siempre firmes!;vacio;3
Nuestro compromiso es con el pueblo. con el corazón en alto.;vacio;3
Nuestro compromiso es con el pueblo. ¡De la mano del pueblo!;vacio;3
Nuestro compromiso es con el pueblo. y ese es nuestro camino.;vacio;3
¡El cambio ya empezó!;vacio;3
¡El cambio ya empezó! ¡Por nuestros hijos!;vacio;3
¡El cambio ya empezó! ¡Con fe y esperanza!;vacio;3
¡El cambio ya empezó! y nadie podrá detenernos.;vacio;3
¡El cambio ya empezó! ¡Arriba los corazones!;vacio;3
¡El cambio ya empezó! porque lo soñamos juntos.;vacio;3
¡El cambio ya empezó! ¡Siempre firmes!;vacio;3
¡El cambio ya empezó! con el corazón en alto.;vacio;3
¡El cambio ya empezó! ¡De la mano del pueblo!;vacio;3
¡El cambio ya empezó! y ese es nuestro camino.;vacio;3
Vamos a construir un nuevo amanecer.;vacio;3
Vamos a construir un nuevo amanecer. ¡Por nuestros hijos!;vacio;3
Vamos a construir un nuevo amanecer. ¡Con fe y esperanza!;vacio;3
Vamos a construir un nuevo amanecer. y nadie podrá detenernos.;vacio;3
Vamos a construir un nuevo amanecer. ¡Arriba los corazones!;vacio;3
Vamos a construir un nuevo amanecer. porque lo soñamos juntos.;vacio;3
Vamos a construir un nuevo amanecer. ¡Siempre firmes!;vacio;3
Vamos a construir un nuevo amanecer. con el corazón en alto.;vacio;3
Vamos a construir un nuevo amanecer. ¡De la mano del pueblo!;vacio;3
Vamos a construir un nuevo amanecer. y ese es nuestro camino.;vacio;3
La esperanza no se detiene.;vacio;3
La esperanza no se detiene. ¡Por nuestros hijos!;vacio;3
La esperanza no se detiene. ¡Con fe y esperanza!;vacio;3
La esperanza no se detiene. y nadie podrá detenernos.;vacio;3
La esperanza no se detiene. ¡Arriba los corazones!;vacio;3
La esperanza no se detiene. porque lo soñamos juntos.;vacio;3
La esperanza no se detiene. ¡Siempre firmes!;vacio;3
La esperanza no se detiene. con el corazón en alto.;vacio;3
La esperanza no se detiene. ¡De la mano del pueblo!;vacio;3
La esperanza no se detiene. y ese es nuestro camino.;vacio;3
Unidos, nada nos detiene.;vacio;3
Unidos, nada nos detiene. ¡Por nuestros hijos!;vacio;3
Unidos, nada nos detiene. ¡Con fe y esperanza!;vacio;3
Unidos, nada nos detiene. y nadie podrá detenernos.;vacio;3
Unidos, nada nos detiene. ¡Arriba los corazones!;vacio;3
Unidos, nada nos detiene. porque lo soñamos juntos.;vacio;3
Unidos, nada nos detiene. ¡Siempre firmes!;vacio;3
Unidos, nada nos detiene. con el corazón en alto.;vacio;3
Unidos, nada nos detiene. ¡De la mano del pueblo!;vacio;3
Unidos, nada nos detiene. y ese es nuestro camino.;vacio;3
El futuro está en nuestras manos.;vacio;3
El futuro está en nuestras manos. ¡Por nuestros hijos!;vacio;3
El futuro está en nuestras manos. ¡Con fe y esperanza!;vacio;3
El futuro está en nuestras manos. y nadie podrá detenernos.;vacio;3
El futuro está en nuestras manos. ¡Arriba los corazones!;vacio;3
El futuro está en nuestras manos. porque lo soñamos juntos.;vacio;3
El futuro está en nuestras manos. ¡Siempre firmes!;vacio;3
El futuro está en nuestras manos. con el corazón en alto.;vacio;3
El futuro está en nuestras manos. ¡De la mano del pueblo!;vacio;3
El futuro está en nuestras manos. y ese es nuestro camino.;vacio;3
Ha llegado la hora de levantarnos.;vacio;3
Ha llegado la hora de levantarnos. ¡Por nuestros hijos!;vacio;3
Ha llegado la hora de levantarnos. ¡Con fe y esperanza!;vacio;3
Ha llegado la hora de levantarnos. y nadie podrá detenernos.;vacio;3
Ha llegado la hora de levantarnos. ¡Arriba los corazones!;vacio;3
Ha llegado la hora de levantarnos. porque lo soñamos juntos.;vacio;3
Ha llegado la hora de levantarnos. ¡Siempre firmes!;vacio;3
Ha llegado la hora de levantarnos. con el corazón en alto.;vacio;3
Ha llegado la hora de levantarnos. ¡De la mano del pueblo!;vacio;3
Ha llegado la hora de levantarnos. y ese es nuestro camino.;vacio;3
¡El pueblo nunca se rinde!;vacio;3
¡El pueblo nunca se rinde! ¡Por nuestros hijos!;vacio;3
¡El pueblo nunca se rinde! ¡Con fe y esperanza!;vacio;3
¡El pueblo nunca se rinde! y nadie podrá detenernos.;vacio;3
¡El pueblo nunca se rinde! ¡Arriba los corazones!;vacio;3
¡El pueblo nunca se rinde! porque lo soñamos juntos.;vacio;3
¡El pueblo nunca se rinde! ¡Siempre firmes!;vacio;3
¡El pueblo nunca se rinde! con el corazón en alto.;vacio;3
¡El pueblo nunca se rinde! ¡De la mano del pueblo!;vacio;3
¡El pueblo nunca se rinde! y ese es nuestro camino.;vacio;3
La patria nos llama.;vacio;3
La patria nos llama. ¡Por nuestros hijos!;vacio;3
La patria nos llama. ¡Con fe y esperanza!;vacio;3
La patria nos llama. y nadie podrá detenernos.;vacio;3
La patria nos llama. ¡Arriba los corazones!;vacio;3
La patria nos llama. porque lo soñamos juntos.;vacio;3
La patria nos llama. ¡Siempre firmes!;vacio;3
La patria nos llama. con el corazón en alto.;vacio;3
La patria nos llama. ¡De la mano del pueblo!;vacio;3
La patria nos llama. y ese es nuestro camino.;vacio;3
¡Sí se puede!;vacio;3
¡Sí se puede! ¡Por nuestros hijos!;vacio;3
¡Sí se puede! ¡Con fe y esperanza!;vacio;3
¡Sí se puede! y nadie podrá detenernos.;vacio;3
¡Sí se puede! ¡Arriba los corazones!;vacio;3
¡Sí se puede! porque lo soñamos juntos.;vacio;3
¡Sí se puede! ¡Siempre firmes!;vacio;3
¡Sí se puede! con el corazón en alto.;vacio;3
¡Sí se puede! ¡De la mano del pueblo!;vacio;3
¡Sí se puede! y ese es nuestro camino.;vacio;3
Vamos a recuperar la dignidad.;vacio;3
Vamos a recuperar la dignidad. ¡Por nuestros hijos!;vacio;3
Vamos a recuperar la dignidad. ¡Con fe y esperanza!;vacio;3
Vamos a recuperar la dignidad. y nadie podrá detenernos.;vacio;3
Vamos a recuperar la dignidad. ¡Arriba los corazones!;vacio;3
Vamos a recuperar la dignidad. porque lo soñamos juntos.;vacio;3
Vamos a recuperar la dignidad. ¡Siempre firmes!;vacio;3
Vamos a recuperar la dignidad. con el corazón en alto.;vacio;3
Vamos a recuperar la dignidad. ¡De la mano del pueblo!;vacio;3
Vamos a recuperar la dignidad. y ese es nuestro camino.;vacio;3
Por un país más justo y solidario.;vacio;3
Por un país más justo y solidario. ¡Por nuestros hijos!;vacio;3
Por un país más justo y solidario. ¡Con fe y esperanza!;vacio;3
Por un país más justo y solidario. y nadie podrá detenernos.;vacio;3
Por un país más justo y solidario. ¡Arriba los corazones!;vacio;3
Por un país más justo y solidario. porque lo soñamos juntos.;vacio;3
Por un país más justo y solidario. ¡Siempre firmes!;vacio;3
Por un país más justo y solidario. con el corazón en alto.;vacio;3
Por un país más justo y solidario. ¡De la mano del pueblo!;vacio;3
Por un país más justo y solidario. y ese es nuestro camino.;vacio;3
Es momento de hacer historia.;vacio;3
Es momento de hacer historia. ¡Por nuestros hijos!;vacio;3
Es momento de hacer historia. ¡Con fe y esperanza!;vacio;3
Es momento de hacer historia. y nadie podrá detenernos.;vacio;3
Es momento de hacer historia. ¡Arriba los corazones!;vacio;3
Es momento de hacer historia. porque lo soñamos juntos.;vacio;3
Es momento de hacer historia. ¡Siempre firmes!;vacio;3
Es momento de hacer historia. con el corazón en alto.;vacio;3
Es momento de hacer historia. ¡De la mano del pueblo!;vacio;3
Es momento de hacer historia. y ese es nuestro camino.;vacio;3
Nuestro destino es la grandeza.;vacio;3
Nuestro destino es la grandeza. ¡Por nuestros hijos!;vacio;3
Nuestro destino es la grandeza. ¡Con fe y esperanza!;vacio;3
Nuestro destino es la grandeza. y nadie podrá detenernos.;vacio;3
Nuestro destino es la grandeza. ¡Arriba los corazones!;vacio;3
Nuestro destino es la grandeza. porque lo soñamos juntos.;vacio;3
Nuestro destino es la grandeza. ¡Siempre firmes!;vacio;3
Nuestro destino es la grandeza. con el corazón en alto.;vacio;3
Nuestro destino es la grandeza. ¡De la mano del pueblo!;vacio;3
Nuestro destino es la grandeza. y ese es nuestro camino.;vacio;3
¡El mañana nos pertenece!;vacio;3
¡El mañana nos pertenece! ¡Por nuestros hijos!;vacio;3
¡El mañana nos pertenece! ¡Con fe y esperanza!;vacio;3
¡El mañana nos pertenece! y nadie podrá detenernos.;vacio;3
¡El mañana nos pertenece! ¡Arriba los corazones!;vacio;3
¡El mañana nos pertenece! porque lo soñamos juntos.;vacio;3
¡El mañana nos pertenece! ¡Siempre firmes!;vacio;3
¡El mañana nos pertenece! con el corazón en alto.;vacio;3
¡El mañana nos pertenece! ¡De la mano del pueblo!;vacio;3
¡El mañana nos pertenece! y ese es nuestro camino.;vacio;3
Seremos la voz de los que no tienen voz.;vacio;3
Seremos la voz de los que no tienen voz. ¡Por nuestros hijos!;vacio;3
Seremos la voz de los que no tienen voz. ¡Con fe y esperanza!;vacio;3
Seremos la voz de los que no tienen voz. y nadie podrá detenernos.;vacio;3
Seremos la voz de los que no tienen voz. ¡Arriba los corazones!;vacio;3
Seremos la voz de los que no tienen voz. porque lo soñamos juntos.;vacio;3
Seremos la voz de los que no tienen voz. ¡Siempre firmes!;vacio;3
Seremos la voz de los que no tienen voz. con el corazón en alto.;vacio;3
Seremos la voz de los que no tienen voz. ¡De la mano del pueblo!;vacio;3
Seremos la voz de los que no tienen voz. y ese es nuestro camino.;vacio;3
¡Juntos, hasta la victoria!;vacio;3
¡Juntos, hasta la victoria! ¡Por nuestros hijos!;vacio;3
¡Juntos, hasta la victoria! ¡Con fe y esperanza!;vacio;3
¡Juntos, hasta la victoria! y nadie podrá detenernos.;vacio;3
¡Juntos, hasta la victoria! ¡Arriba los corazones!;vacio;3
¡Juntos, hasta la victoria! porque lo soñamos juntos.;vacio;3
¡Juntos, hasta la victoria! ¡Siempre firmes!;vacio;3
¡Juntos, hasta la victoria! con el corazón en alto.;vacio;3
¡Juntos, hasta la victoria! ¡De la mano del pueblo!;vacio;3
¡Juntos, hasta la victoria! y ese es nuestro camino.;vacio;3
La lucha recién comienza.;vacio;3
La lucha recién comienza. ¡Por nuestros hijos!;vacio;3
La lucha recién comienza. ¡Con fe y esperanza!;vacio;3
La lucha recién comienza. y nadie podrá detenernos.;vacio;3
La lucha recién comienza. ¡Arriba los corazones!;vacio;3
La lucha recién comienza. porque lo soñamos juntos.;vacio;3
La lucha recién comienza. ¡Siempre firmes!;vacio;3
La lucha recién comienza. con el corazón en alto.;vacio;3
La lucha recién comienza. ¡De la mano del pueblo!;vacio;3
La lucha recién comienza. y ese es nuestro camino.;vacio;3
